# Repo, Property, Version, Packages
git@github.wsgc.com:eCommerce-DevOps/loyalty-service-common-config-app.git,loyalty.java.version,1.8.0_172,wsgc-jdk8 wsgc-jdk8-172 
git@github.wsgc.com:eCommerce-DevOps/mdm-common-config.git,mdm.java.version,1.8.0_172,
git@github.wsgc.com:eCommerce-DevOps/oss-feedgen-service-common-config.git,feedgen.java.version,1.8.0_172,wsgc-jdk8 wsgc-jdk8-172 
git@github.wsgc.com:eCommerce-DevOps/oss-search-publisher-common-config.git,search-publisher.java.version,1.8.0_45,wsgc-jdk8 
git@github.wsgc.com:eCommerce-DevOps/oss-search-publisher-common-tomcat-config.git,,,wsgc-jdk8 
git@github.wsgc.com:eCommerce-DevOps/oss-search-publisher-prdrk-config.git,,,
git@github.wsgc.com:eCommerce-DevOps/registry-datafeed-extractor-common-config.git,,,wsgc-jdk8 
git@github.wsgc.com:eCommerce-DevOps/registry-datafeed-extractor-uat-config.git,,,
git@github.wsgc.com:eCommerce-DevOps/registry-fdn-common-config.git,registry-fdn.java.version,1.8.0_172,wsgc-jdk8 wsgc-jdk8-172 
git@github.wsgc.com:eCommerce-DevOps/registry-fdn-dev-config.git,,,
git@github.wsgc.com:eCommerce-DevOps/registry-fdn-perf-config.git,,,
git@github.wsgc.com:eCommerce-DevOps/registry-fdn-prd-config.git,,,
git@github.wsgc.com:eCommerce-DevOps/registry-fdn-qa-config.git,,,
git@github.wsgc.com:eCommerce-DevOps/registry-fdn-uat-config.git,,,
git@github.wsgc.com:eCommerce-DevOps/registry-inactivation-common-config.git,,,wsgc-jdk8 
git@github.wsgc.com:eCommerce-DevOps/registry-inactivation-prd-config.git,,,
git@github.wsgc.com:eCommerce-DevOps/registry-inactivation-qa-config.git,,,
git@github.wsgc.com:eCommerce-DevOps/registry-migration-common-config.git,,,wsgc-jdk8 
git@github.wsgc.com:eCommerce-DevOps/registry-migration-dev-config.git,,,
git@github.wsgc.com:eCommerce-DevOps/registry-migration-uat-config.git,,,
git@github.wsgc.com:eCommerce-DevOps/registry-resku-common-config.git,,,wsgc-jdk8 
git@github.wsgc.com:eCommerce-DevOps/registry-resku-qa-config.git,,,
git@github.wsgc.com:eCommerce-DevOps/registry-service-common-config.git,registry.java.version,1.8.0_172,wsgc-jdk8 wsgc-jdk8-172 
git@github.wsgc.com:eCommerce-DevOps/registry-service-dev-config.git,,,
git@github.wsgc.com:eCommerce-DevOps/registry-service-prd-config.git,,,
git@github.wsgc.com:eCommerce-DevOps/registry-service-qa-config.git,,,
git@github.wsgc.com:eCommerce-DevOps/registry-service-uat-config.git,,,
https://github.wsgc.com/eCommerce-DevOps/c3-config,,,
https://github.wsgc.com/eCommerce-DevOps/c3-tomcat-config,,,wsgc-jdk8 wsgc-jdk8-172 
https://github.wsgc.com/eCommerce-DevOps/loyalty-batch-common-config.git,,,wsgc-jdk8 wsgc-jdk8-172 
https://github.wsgc.com/eCommerce-DevOps/mdm-common-config,mdm.java.version,1.8.0_172,
https://github.wsgc.com/eCommerce-DevOps/mdm-common-tomcat,,,wsgc-jdk8 wsgc-jdk8-172 
https://github.wsgc.com/eCommerce-DevOps/mdm-dev-config,,,
https://github.wsgc.com/eCommerce-DevOps/mdm-prdab-config,,,
https://github.wsgc.com/eCommerce-DevOps/mdm-prdrk-config,,,
https://github.wsgc.com/eCommerce-DevOps/mdm-qa1-config,,,
https://github.wsgc.com/eCommerce-DevOps/mdm-qa2-config,,,
https://github.wsgc.com/eCommerce-DevOps/mdm-qa3-config,,,
https://github.wsgc.com/eCommerce-DevOps/mdm-qa4-config,,,
https://github.wsgc.com/eCommerce-DevOps/oss-feedgen-service-common-config.git,feedgen.java.version,1.8.0_172,wsgc-jdk8 wsgc-jdk8-172 
https://github.wsgc.com/eCommerce-DevOps/rerun-module-maven-release,,,wsgc-jdk 
https://repos.wsgc.com/svn/devops/application/bd/app/common/config/trunk,bd.java.version,1.6.0_45,wsgc-jdk6 
https://repos.wsgc.com/svn/devops/application/bd/app/common/service/tomcat/trunk,,,wsgc-jdk 
https://repos.wsgc.com/svn/devops/application/caweb/common/config/app/trunk,caweb.java.version,1.7.0_60,wsgc-jdk 
https://repos.wsgc.com/svn/devops/application/caweb/common/service/tomcat/wsgc-devops-caweb-service-tomcat-pb/trunk,,,wsgc-jdk 
https://repos.wsgc.com/svn/devops/application/caweb/common/service/tomcat/wsgc-devops-caweb-service-tomcat-pk/trunk,,,wsgc-jdk 
https://repos.wsgc.com/svn/devops/application/caweb/common/service/tomcat/wsgc-devops-caweb-service-tomcat-ws/trunk,,,wsgc-jdk 
https://repos.wsgc.com/svn/devops/application/common/service/wsgc-aem6_1/trunk,aem.jdkVersion,1.7.0_60,wsgc-jdk 
https://repos.wsgc.com/svn/devops/application/common/service/wsgc-apmagents/trunk,,,wsgc-jdk 
https://repos.wsgc.com/svn/devops/application/common/service/wsgc-cq/trunk,cq.jdkVersion,1.7.0_60,wsgc-jdk 
https://repos.wsgc.com/svn/devops/application/contentprocessor/common/config/cp/trunk,,,wsgc-jdk wsgc-jdk8-172 
https://repos.wsgc.com/svn/devops/application/corp/common/config/app/trunk,corp.jdkLinkVersion,1.7.0_60,wsgc-jdk 
https://repos.wsgc.com/svn/devops/application/corp/common/service/tomcat/trunk,,,wsgc-jdk 
https://repos.wsgc.com/svn/devops/application/cpcr/common/config/app/trunk,cpcr.jdkLinkVersion,7,wsgc-jdk 
https://repos.wsgc.com/svn/devops/application/cpcr/prdrk/config/app/trunk,cpcr.jdkLinkVersion,7,wsgc-jdk 
https://repos.wsgc.com/svn/devops/application/cpcr/qa1/config/app/trunk,cpcr.jdkLinkVersion,7,
https://repos.wsgc.com/svn/devops/application/datafeed-processor/common/config/trunk,dfprocessor.jdkLinkVersion,1.8.0_172,
https://repos.wsgc.com/svn/devops/application/datafeed/common/config/trunk,dfweb.jdkLinkVersion,1.8.0_172,
https://repos.wsgc.com/svn/devops/application/datafeed/common/service/tomcat/trunk,,,wsgc-jdk8-172 
https://repos.wsgc.com/svn/devops/application/ecmq-new/common/config/trunk,,,wsgc-jdk 
https://repos.wsgc.com/svn/devops/application/ecmq/common/config/trunk,,,wsgc-jdk 
https://repos.wsgc.com/svn/devops/application/ecofos/common/config/trunk,ecserver.javaVersion,1.7.0_60,wsgc-jdk 
https://repos.wsgc.com/svn/devops/application/favorites/common/config/trunk,favorites.java.version,1.8.0_172,wsgc-jdk wsgc-jdk8-172 
https://repos.wsgc.com/svn/devops/application/favorites/common/service/tomcat/trunk,,,wsgc-jdk8 wsgc-jdk8-172 
https://repos.wsgc.com/svn/devops/application/frontend-2.1/common/role/trunk,,,wsgc-jdk8 wsgc-jdk8-172 
https://repos.wsgc.com/svn/devops/application/frontend-2.1/prd/config/app/trunk,frontend.jdkLinkVersion,1.8.0_172,
https://repos.wsgc.com/svn/devops/application/frontend-2.1/qa/config/app/trunk,frontend.jdkLinkVersion,1.8.0_172,wsgc-jdk8-172 
https://repos.wsgc.com/svn/devops/application/frontend-2.1/qa/config/app/trunk/ws/qa17,,,wsgc-jdk8 
https://repos.wsgc.com/svn/devops/application/gizmotron/app/common/config/trunk,,,wsgc-jdk8 
https://repos.wsgc.com/svn/devops/application/gizmotron/authentication/common/config/app/trunk,gizmotron.jdkLinkVersion,1.7.0_60,
https://repos.wsgc.com/svn/devops/application/gizmotron/authentication/common/service/tomcat/trunk,,,wsgc-jdk 
https://repos.wsgc.com/svn/devops/application/homefront-pub/common/config/app/trunk,,,require 
https://repos.wsgc.com/svn/devops/application/homefront/app/common/config/trunk,,,wsgc-jdk6 
https://repos.wsgc.com/svn/devops/application/homefront/app/common/service/tomcat/trunk,,,wsgc-jdk wsgc-jdk8-172 
https://repos.wsgc.com/svn/devops/application/img/common/config/web/trunk,img.jdkLinkVersion,1.7.0_60,wsgc-jdk 
https://repos.wsgc.com/svn/devops/application/international/ambassador/common/config/app/trunk,intl.ambassador.jdkLinkVersion,1.6.0_39,wsgc-jdk 
https://repos.wsgc.com/svn/devops/application/international/catalogservices/common/config/app/trunk,cpcr.jdkLinkVersion,1.7.0_60,wsgc-jdk 
https://repos.wsgc.com/svn/devops/application/international/catalogservices/common/service/tomcat/trunk,,,wsgc-jdk 
https://repos.wsgc.com/svn/devops/application/international/intlfetch/common/config/app/trunk,intlfetch.jdkLinkVersion,1.7.0_60,wsgc-jdk 
https://repos.wsgc.com/svn/devops/application/international/poloader/common/config/app/trunk,poloader.jdkLinkVersion,1.8.0_172,wsgc-jdk wsgc-jdk8-172 
https://repos.wsgc.com/svn/devops/application/international/poloader/common/service/tomcat/trunk,,,wsgc-jdk wsgc-jdk8-172 
https://repos.wsgc.com/svn/devops/application/invent-adjustment/common/config/app/trunk,wsgc.invent.java.version,1.8.0_172,wsgc-jdk wsgc-jdk8 wsgc-jdk8-172 
https://repos.wsgc.com/svn/devops/application/invent-adjustment/common/service/wsgc-devops-invent-adjustment-service-tomcat/trunk,,,wsgc-jdk8 wsgc-jdk8-172 
https://repos.wsgc.com/svn/devops/application/invent-adjustment/dev/trunk,wsgc.invent.java.version,1.8.0_45,
https://repos.wsgc.com/svn/devops/application/invent-adjustment/prdab/trunk,wsgc.invent.java.version,1.8.0_45,
https://repos.wsgc.com/svn/devops/application/invent-adjustment/prdrk/trunk,wsgc.invent.java.version,1.8.0_45,
https://repos.wsgc.com/svn/devops/application/invent-adjustment/qa1/trunk,wsgc.invent.java.version,1.8.0_45,
https://repos.wsgc.com/svn/devops/application/invent-adjustment/qa2/trunk,wsgc.invent.java.version,1.8.0_45,
https://repos.wsgc.com/svn/devops/application/invent-adjustment/uat/trunk,wsgc.invent.java.version,1.8.0_45,
https://repos.wsgc.com/svn/devops/application/invent/common/config/app/trunk,wsgc.invent.java.version,1.8.0_172,wsgc-jdk wsgc-jdk8 wsgc-jdk8-172 
https://repos.wsgc.com/svn/devops/application/invent/common/service/wsgc-devops-invent-service-tomcat/trunk,,,wsgc-jdk8 wsgc-jdk8-172 
https://repos.wsgc.com/svn/devops/application/invent/qaD1/trunk,wsgc.invent.java.version,1.8.0_45,
https://repos.wsgc.com/svn/devops/application/invent/qaQ1/trunk,wsgc.invent.java.version,1.8.0_45,
https://repos.wsgc.com/svn/devops/application/oauth/common/config/trunk,cpcr.jdkLinkVersion,1.8.0_172,
https://repos.wsgc.com/svn/devops/application/oauth/common/service/tomcat/trunk,,,wsgc-jdk8 wsgc-jdk8-172 
https://repos.wsgc.com/svn/devops/application/pradm/common/config/app/trunk,pradm.java.version,1.8.0_172,
https://repos.wsgc.com/svn/devops/application/pradm/common/service/tomcat/trunk,,,wsgc-jdk wsgc-jdk8 wsgc-jdk8-172 
https://repos.wsgc.com/svn/devops/application/pricing/app/common/config/trunk,pricing.java.version,1.8.0_172,wsgc-jdk8-172 
https://repos.wsgc.com/svn/devops/application/pricing/app/common/service/tomcat/trunk,,,wsgc-jdk8-172 
https://repos.wsgc.com/svn/devops/application/profile/common/config/app/trunk,profile.java.version,1.8.0_172,wsgc-jdk8 wsgc-jdk8-172 
https://repos.wsgc.com/svn/devops/application/profile/common/service/tomcat/wsgc-devops-profile-tomcat/trunk,,,wsgc-jdk8 wsgc-jdk8-172 
https://repos.wsgc.com/svn/devops/application/publisher/common/config/app/trunk,publisher.java.version,1.8.0_172,
https://repos.wsgc.com/svn/devops/application/publisher/common/service/tomcat/trunk,,,wsgc-jdk wsgc-jdk8 wsgc-jdk8-172 
https://repos.wsgc.com/svn/devops/application/registry-admin/common/config/app/trunk,registry-admin.java.version,1.8.0_45,wsgc-jdk8 wsgc-jdk8-172 
https://repos.wsgc.com/svn/devops/application/registry-admin/common/service/tomcat/wsgc-devops-registry-admin-tomcat-pb/trunk,,,wsgc-jdk8 wsgc-jdk8-172 
https://repos.wsgc.com/svn/devops/application/registry-admin/common/service/tomcat/wsgc-devops-registry-admin-tomcat-pk/trunk,,,wsgc-jdk8 wsgc-jdk8-172 
https://repos.wsgc.com/svn/devops/application/registry-admin/common/service/tomcat/wsgc-devops-registry-admin-tomcat-we/trunk,,,wsgc-jdk8 wsgc-jdk8-172 
https://repos.wsgc.com/svn/devops/application/registry-admin/common/service/tomcat/wsgc-devops-registry-admin-tomcat-ws/trunk,,,wsgc-jdk8 wsgc-jdk8-172 
https://repos.wsgc.com/svn/devops/application/registry/datastax/common/config/trunk,registry.jdkLinkVersion,1.7.0_60,wsgc-jdk 
https://repos.wsgc.com/svn/devops/application/rewards/common/config/trunk,rewards.java.version,1.8.0_172,wsgc-jdk8 
https://repos.wsgc.com/svn/devops/application/rewards/common/service/tomcat/trunk,,,wsgc-jdk8 wsgc-jdk8-172 
https://repos.wsgc.com/svn/devops/application/sccext/common/config/app/trunk,sccext.jdkLinkVersion,1.7.0_60,wsgc-jdk 
https://repos.wsgc.com/svn/devops/application/sccext/common/service/tomcat/trunk,,,wsgc-jdk 
https://repos.wsgc.com/svn/devops/application/sccint/common/config/app/trunk,sccint.jdkLinkVersion,1.7.0_60,wsgc-jdk 
https://repos.wsgc.com/svn/devops/application/sccint/common/service/tomcat/trunk,,,wsgc-jdk 
https://repos.wsgc.com/svn/devops/application/singleuse/common/config/app/trunk,singleuse.java.version,1.8.0_172,wsgc-jdk wsgc-jdk8-172 
https://repos.wsgc.com/svn/devops/application/singleuse/common/service/tomcat/trunk,,,wsgc-jdk wsgc-jdk8 wsgc-jdk8-172 
https://repos.wsgc.com/svn/devops/application/storelocator/common/config/trunk,cpcr.jdkLinkVersion,1.7.0_60,
https://repos.wsgc.com/svn/devops/application/storelocator/common/service/tomcat/trunk,,,wsgc-jdk 
https://repos.wsgc.com/svn/devops/application/template/example/common/config/trunk,cpcr.jdkLinkVersion,1.8.0_45,
https://repos.wsgc.com/svn/devops/application/template/example/common/service/tomcat/trunk,,,wsgc-jdk8 
https://repos.wsgc.com/svn/devops/application/xcadm/common/config/trunk,xcadm.jdkLinkVersion,1.8.0_172,
https://repos.wsgc.com/svn/devops/application/xcadm/common/service/tomcat/trunk,,,wsgc-jdk8 wsgc-jdk8-172 
https://repos.wsgc.com/svn/devops/sandbox/demo/frontend/trunk/platform/apache-tomcat,,,wsgc-demo-jdk 
https://repos.wsgc.com/svn/devops/sandbox/demo/frontend/trunk/role/pb,,,wsgc-demo-frontend-apache-tomcat = 6.0.35 
https://repos.wsgc.com/svn/devops/service/cpcr/trunk/config/app,cpcr.jdkLinkVersion,jdk7,wsgc-jdk wsgc-jdk8 
https://repos.wsgc.com/svn/devops/service/cpcr/trunk/config/app/prdab,cpcr.jdkLinkVersion,7,
https://repos.wsgc.com/svn/devops/service/cpcr/trunk/config/app/prdrk,cpcr.jdkLinkVersion,7,
https://repos.wsgc.com/svn/devops/service/gizmotron/trunk/role/app,,,wsgc-jdk8 
https://repos.wsgc.com/svn/devops/toolchain/bgb/common/config/bgb/trunk,bgb.java.version,1.7.0_60,wsgc-jdk 
https://repos.wsgc.com/svn/devops/toolchain/bgb/common/config/buildsystem/trunk,buildsystem.java.version,1.7.0_60,wsgc-jdk 
https://repos.wsgc.com/svn/devops/toolchain/node/prd/trunk,node.jdkLinkVersion,1.8.0_172,wsgc-jdk8 wsgc-jdk8-172 
https://repos.wsgc.com/svn/devops/toolchain/node/prd/trunk/pt-prd-ab1v,,,wsgc-jdk wsgc-jdk8 
https://repos.wsgc.com/svn/devops/toolchain/node/prd/trunk/pt-prd-ab2v,,,wsgc-jdk wsgc-jdk8 
https://repos.wsgc.com/svn/devops/toolchain/node/prd/trunk/pt-prd-ab3v,,,wsgc-jdk wsgc-jdk8 
https://repos.wsgc.com/svn/devops/toolchain/node/prd/trunk/pt-prd-ab4v,,,wsgc-jdk wsgc-jdk8 
https://repos.wsgc.com/svn/devops/toolchain/node/prd/trunk/pt-prd-ab5v,,,wsgc-jdk wsgc-jdk8 
https://repos.wsgc.com/svn/devops/toolchain/node/prd/trunk/pt-prd-ab6v,,,wsgc-jdk wsgc-jdk8 
https://repos.wsgc.com/svn/devops/toolchain/node/prd/trunk/pt-prd-ab7v,,,wsgc-jdk wsgc-jdk8 
https://repos.wsgc.com/svn/devops/toolchain/node/prd/trunk/pt-prd-rk1v,,,wsgc-jdk wsgc-jdk8 
https://repos.wsgc.com/svn/devops/toolchain/node/prd/trunk/pt-prd-rk2v,,,wsgc-jdk wsgc-jdk8 
https://repos.wsgc.com/svn/devops/toolchain/node/prd/trunk/pt-prd-rk3v,,,wsgc-jdk wsgc-jdk8 
https://repos.wsgc.com/svn/devops/toolchain/node/prd/trunk/pt-prd-rk4v,,,wsgc-jdk wsgc-jdk8 
https://repos.wsgc.com/svn/devops/toolchain/node/prd/trunk/pt-prd-rk5v,,,wsgc-jdk wsgc-jdk8 
https://repos.wsgc.com/svn/devops/toolchain/node/prd/trunk/pt-prd-rk6v,,,wsgc-jdk wsgc-jdk8 
https://repos.wsgc.com/svn/devops/toolchain/node/prd/trunk/pt-prd-rk7v,,,wsgc-jdk wsgc-jdk8 
https://repos.wsgc.com/svn/devops/toolchain/node/prd/trunk/pt-preprd-ab1v,,,wsgc-jdk8 
https://repos.wsgc.com/svn/devops/toolchain/node/prd/trunk/pt-preprd-rk1v,,,wsgc-jdk wsgc-jdk8 
https://repos.wsgc.com/svn/devops/toolchain/node/prd/trunk/ptecmprv-prd-rk1v,node.jdkLinkVersion,1.8.0_45,wsgc-jdk8 
https://repos.wsgc.com/svn/devops/toolchain/node/prd/trunk/ptecmprvprdrk1v,node.jdkLinkVersion,1.8.0_45,wsgc-jdk8 
https://repos.wsgc.com/svn/devops/toolchain/node/prd/trunk/we-prd-ab1v,,,wsgc-jdk wsgc-jdk8 
https://repos.wsgc.com/svn/devops/toolchain/node/prd/trunk/we-prd-ab2v,,,wsgc-jdk wsgc-jdk8 
https://repos.wsgc.com/svn/devops/toolchain/node/prd/trunk/we-prd-ab3v,,,wsgc-jdk wsgc-jdk8 
https://repos.wsgc.com/svn/devops/toolchain/node/prd/trunk/we-prd-ab4v,,,wsgc-jdk wsgc-jdk8 
https://repos.wsgc.com/svn/devops/toolchain/node/prd/trunk/we-prd-ab5v,,,wsgc-jdk wsgc-jdk8 
https://repos.wsgc.com/svn/devops/toolchain/node/prd/trunk/we-prd-ab6v,,,wsgc-jdk wsgc-jdk8 
https://repos.wsgc.com/svn/devops/toolchain/node/prd/trunk/we-prd-ab9v,,,wsgc-jdk wsgc-jdk8 
https://repos.wsgc.com/svn/devops/toolchain/node/prd/trunk/we-prd-rk1v,,,wsgc-jdk wsgc-jdk8 
https://repos.wsgc.com/svn/devops/toolchain/node/prd/trunk/we-prd-rk2v,,,wsgc-jdk wsgc-jdk8 
https://repos.wsgc.com/svn/devops/toolchain/node/prd/trunk/we-prd-rk3v,,,wsgc-jdk wsgc-jdk8 
https://repos.wsgc.com/svn/devops/toolchain/node/prd/trunk/we-prd-rk4v,,,wsgc-jdk wsgc-jdk8 
https://repos.wsgc.com/svn/devops/toolchain/node/prd/trunk/we-prd-rk5v,,,wsgc-jdk wsgc-jdk8 
https://repos.wsgc.com/svn/devops/toolchain/node/prd/trunk/we-prd-rk6v,,,wsgc-jdk wsgc-jdk8 
https://repos.wsgc.com/svn/devops/toolchain/node/prd/trunk/we-prd-rk9v,,,wsgc-jdk wsgc-jdk8 
https://repos.wsgc.com/svn/devops/toolchain/node/prd/trunk/we-preprd-ab1v,,,wsgc-jdk8 
https://repos.wsgc.com/svn/devops/toolchain/node/prd/trunk/we-preprd-rk1v,,,wsgc-jdk wsgc-jdk8 
https://repos.wsgc.com/svn/devops/toolchain/node/prd/trunk/webash-vpcn001,,,wsgc-jdk wsgc-jdk8 
https://repos.wsgc.com/svn/devops/toolchain/node/prd/trunk/webash-vpcn002,,,wsgc-jdk wsgc-jdk8 
https://repos.wsgc.com/svn/devops/toolchain/node/prd/trunk/webrck-vpcn001,,,wsgc-jdk wsgc-jdk8 
https://repos.wsgc.com/svn/devops/toolchain/node/prd/trunk/webrck-vpcn002,,,wsgc-jdk wsgc-jdk8 
https://repos.wsgc.com/svn/devops/toolchain/node/prd/trunk/weecmprv-prd-rk1v,,,wsgc-jdk8 
https://repos.wsgc.com/svn/devops/toolchain/node/prd/trunk/weecmprvprdrk1v,,,wsgc-jdk8 
https://repos.wsgc.com/svn/devops/toolchain/node/prd/trunk/ws-prd-ab1v,,,wsgc-jdk wsgc-jdk8 
https://repos.wsgc.com/svn/devops/toolchain/node/prd/trunk/ws-prd-ab2v,,,wsgc-jdk wsgc-jdk8 
https://repos.wsgc.com/svn/devops/toolchain/node/prd/trunk/ws-prd-ab3v,,,wsgc-jdk wsgc-jdk8 
https://repos.wsgc.com/svn/devops/toolchain/node/prd/trunk/ws-prd-ab4v,,,wsgc-jdk wsgc-jdk8 
https://repos.wsgc.com/svn/devops/toolchain/node/prd/trunk/ws-prd-ab5v,,,wsgc-jdk wsgc-jdk8 
https://repos.wsgc.com/svn/devops/toolchain/node/prd/trunk/ws-prd-ab6v,,,wsgc-jdk wsgc-jdk8 
https://repos.wsgc.com/svn/devops/toolchain/node/prd/trunk/ws-prd-ab7v,,,wsgc-jdk wsgc-jdk8 
https://repos.wsgc.com/svn/devops/toolchain/node/prd/trunk/ws-prd-ab8v,,,wsgc-jdk wsgc-jdk8 
https://repos.wsgc.com/svn/devops/toolchain/node/prd/trunk/ws-prd-rk1v,,,wsgc-jdk wsgc-jdk8 
https://repos.wsgc.com/svn/devops/toolchain/node/prd/trunk/ws-prd-rk2v,,,wsgc-jdk wsgc-jdk8 
https://repos.wsgc.com/svn/devops/toolchain/node/prd/trunk/ws-prd-rk3v,,,wsgc-jdk wsgc-jdk8 
https://repos.wsgc.com/svn/devops/toolchain/node/prd/trunk/ws-prd-rk4v,,,wsgc-jdk wsgc-jdk8 
https://repos.wsgc.com/svn/devops/toolchain/node/prd/trunk/ws-prd-rk5v,,,wsgc-jdk wsgc-jdk8 
https://repos.wsgc.com/svn/devops/toolchain/node/prd/trunk/ws-prd-rk6v,,,wsgc-jdk wsgc-jdk8 
https://repos.wsgc.com/svn/devops/toolchain/node/prd/trunk/ws-prd-rk7v,,,wsgc-jdk wsgc-jdk8 
https://repos.wsgc.com/svn/devops/toolchain/node/prd/trunk/ws-prd-rk8v,,,wsgc-jdk wsgc-jdk8 
https://repos.wsgc.com/svn/devops/toolchain/node/prd/trunk/ws-preprd-ab1v,,,wsgc-jdk8 
https://repos.wsgc.com/svn/devops/toolchain/node/prd/trunk/ws-preprd-rk1v,,,wsgc-jdk wsgc-jdk8 
https://repos.wsgc.com/svn/devops/toolchain/node/prd/trunk/wsecmprv-prd-rk1v,,,wsgc-jdk8 
https://repos.wsgc.com/svn/devops/toolchain/node/prd/trunk/wsecmprvprdrk1v,,,wsgc-jdk8 
https://repos.wsgc.com/svn/devops/toolchain/node/qa/trunk,node.jdkLinkVersion,1.8.0_172,wsgc-jdk8 wsgc-jdk8-172 wsgc-jdk8-45 
https://repos.wsgc.com/svn/devops/toolchain/security-admin/common/config/app/trunk,securityadmin.jdkLinkVersion,1.8.0_45,
https://repos.wsgc.com/svn/devops/toolchain/security-admin/common/service/tomcat/trunk,,,wsgc-jdk 
