#Server,MonitorFlag,Application,Environment,EndpointURL,ServiceName,EnableRestart
sonarqube,,SonarQube,,:80,,
testrail,y,TOOOLS,TOOLS,index.php?/auth/login/,,n
tlsrck-vdcn005,n,TOOOLS,TOOLS,,,

rj-xcprf-rk1v,n,DP-RJ,PERF,/summary.html,wsgc-tomcat-frontend,y
rj-xcprf-rk2v,n,DP-RJ,PERF,/summary.html,wsgc-tomcat-frontend,y
mg-xcprf-rk1v,n,DP-MG,PERF,/summary.html,wsgc-tomcat-frontend,y
mg-xcprf-rk2v,n,DP-MG,PERF,/summary.html,wsgc-tomcat-frontend,y
pb-xcprf-rk1v,n,DP-PB,PERF,/summary.html,wsgc-tomcat-frontend,y
pb-xcprf-rk2v,n,DP-PB,PERF,/summary.html,wsgc-tomcat-frontend,y
pb-xcprf-rk3v,n,DP-PB,PERF,/summary.html,wsgc-tomcat-frontend,y
pb-xcprf-rk4v,n,DP-PB,PERF,/summary.html,wsgc-tomcat-frontend,y
pb-xcprf-rk5v,n,DP-PB,PERF,/summary.html,wsgc-tomcat-frontend,y
pk-xcprf-rk1v,n,DP-PK,PERF,/summary.html,wsgc-tomcat-frontend,y
pk-xcprf-rk2v,n,DP-PK,PERF,/summary.html,wsgc-tomcat-frontend,y
pk-xcprf-rk3v,n,DP-PK,PERF,/summary.html,wsgc-tomcat-frontend,y
pk-xcprf-rk1v,n,DP-PK,PERF,/summary.html,wsgc-tomcat-frontend,y
pk-xcprf-rk2v,n,DP-PK,PERF,/summary.html,wsgc-tomcat-frontend,y
pk-xcprf-rk3v,n,DP-PK,PERF,/summary.html,wsgc-tomcat-frontend,y
we-xcprf-rk1v,n,DP-WE,PERF,/summary.html,wsgc-tomcat-frontend,y
we-xcprf-rk2v,n,DP-WE,PERF,/summary.html,wsgc-tomcat-frontend,y
we-xcprf-rk3v,n,DP-WE,PERF,/summary.html,wsgc-tomcat-frontend,y
ws-xcprf-rk1v,n,DP-WS,PERF,/summary.html,wsgc-tomcat-frontend,y
ws-xcprf-rk2v,n,DP-WS,PERF,/summary.html,wsgc-tomcat-frontend,y
ws-xcprf-rk3v,n,DP-WS,PERF,/summary.html,wsgc-tomcat-frontend,y

mg-intdev24-rk1,n,DP-MG,QA24,/summary.html,wsgc-tomcat-frontend,y
pb-intdev24-rk1,n,DP-PB,QA24,/summary.html,wsgc-tomcat-frontend,y
pk-intdev24-rk1,n,DP-PK,QA24,/summary.html,wsgc-tomcat-frontend,y
pt-intdev24-rk1,n,DP-PT,QA24,/summary.html,wsgc-tomcat-frontend,y
we-intdev24-rk1,n,DP-WE,QA24,/summary.html,wsgc-tomcat-frontend,y
ws-intdev24-rk1,n,DP-WS,QA24,/summary.html,wsgc-tomcat-frontend,y

mg-intdev13-rk1,,DP-MG,QA13,/summary.html,wsgc-tomcat-frontend,y
pb-intdev13-rk1,,DP-PB,QA13,/summary.html,wsgc-tomcat-frontend,y
pk-intdev13-rk1,,DP-PK,QA13,/summary.html,wsgc-tomcat-frontend,y
pt-intdev13-rk1,,DP-PT,QA13,/summary.html,wsgc-tomcat-frontend,y
we-intdev13-rk1,,DP-WE,QA13,/summary.html,wsgc-tomcat-frontend,y
ws-intdev13-rk1,,DP-WS,QA13,/summary.html,wsgc-tomcat-frontend,y

gr-intdev7-rk1,,DP-GR,QA7,/summary.html,wsgc-tomcat-frontend,y
mg-intdev7-rk1,,DP-MG,QA7,/summary.html,wsgc-tomcat-frontend,y
pb-intdev7-rk1,,DP-PB,QA7,/summary.html,wsgc-tomcat-frontend,y
pk-intdev7-rk1,,DP-PK,QA7,/summary.html,wsgc-tomcat-frontend,y
pt-intdev7-rk1,,DP-PT,QA7,/summary.html,wsgc-tomcat-frontend,y
rj-intdev7-rk1,,DP-RJ,QA7,/summary.html,wsgc-tomcat-frontend,y
we-intdev7-rk1,,DP-WE,QA7,/summary.html,wsgc-tomcat-frontend,y
ws-intdev7-rk1,,DP-WS,QA7,/summary.html,wsgc-tomcat-frontend,y

mg-intdev25-rk1,n,DP-MG,QA25,/summary.html,wsgc-tomcat-frontend,y
pb-intdev25-rk1,n,DP-PB,QA25,/summary.html,wsgc-tomcat-frontend,y
pk-intdev25-rk1,n,DP-PK,QA25,/summary.html,wsgc-tomcat-frontend,y
pt-intdev25-rk1,n,DP-PT,QA25,/summary.html,wsgc-tomcat-frontend,y
we-intdev25-rk1,n,DP-WE,QA25,/summary.html,wsgc-tomcat-frontend,y
ws-intdev25-rk1,n,DP-WS,QA25,/summary.html,wsgc-tomcat-frontend,y

gr-rgs1-rk1v,,DP-GR,RGS1,/summary.html,wsgc-tomcat-frontend,y
gr-qa11-sac1v,n,DP-GR,QA11,/summary.html,wsgc-tomcat-frontend,y
gr-qa99-sac1v,,DP-GR,QA99,/summary.html,wsgc-tomcat-frontend,y
gr-uat3-sac1v,,DP-GR,UAT3,/summary.html,wsgc-tomcat-frontend,y
gr-uat8-rk1v,n,DP-GR,UAT8,/summary.html,wsgc-tomcat-frontend,y

rj-qa36-rk1v,,DP-RJ,QA36,/summary.html,wsgc-tomcat-frontend,y
rj-qa27-rk1v,,DP-RJ,QA27,/summary.html,wsgc-tomcat-frontend,y
rj-qa14-rk1v,,DP-RJ,QA14,/summary.html,wsgc-tomcat-frontend,y
rj-qa8-rk1v,,DP-RJ,QA8,/summary.html,wsgc-tomcat-frontend,y
rj-qa2-rk1v,,DP-RJ,QA2,/summary.html,wsgc-tomcat-frontend,y
rj-qa56-rk1v,,DP-RJ,QA56,/summary.html,wsgc-tomcat-frontend,y
rj-rgs1-sac1v,,DP-RJ,RGS1,/summary.html,wsgc-tomcat-frontend,y
rj-qa99-sac1v,,DP-RJ,QA99,/summary.html,wsgc-tomcat-frontend,y
rj-qa10-sac1v,,DP-RJ,QA10,/summary.html,wsgc-tomcat-frontend,y
rj-qa11-sac1v,,DP-RJ,QA11,/summary.html,wsgc-tomcat-frontend,y
rj-qa31-sac1v,,DP-RJ,QA31,/summary.html,wsgc-tomcat-frontend,y
rj-uat1-sac1v,,DP-RJ,UAT1,/summary.html,wsgc-tomcat-frontend,y
rj-uat2-sac1v,,DP-RJ,UAT2,/summary.html,wsgc-tomcat-frontend,y
rj-uat3-sac1v,,DP-RJ,UAT3,/summary.html,wsgc-tomcat-frontend,y
rj-uat4-sac1v,,DP-RJ,UAT4,/summary.html,wsgc-tomcat-frontend,y
rj-uat6-sac1v,,DP-RJ,UAT6,/summary.html,wsgc-tomcat-frontend,y
rj-uat7-sac1v,,DP-RJ,UAT7,/summary.html,wsgc-tomcat-frontend,y
rj-uat8-rk1v,,DP-RJ,UAT8,/summary.html,wsgc-tomcat-frontend,y
rj-bpv-rk1v,,DP-RJ,BPV,/summary.html,wsgc-tomcat-frontend,y

mg-intdev38-rk1,n,DP-MG,QA38,/summary.html,wsgc-tomcat-frontend,y
pb-intdev38-rk1,n,DP-PB,QA38,/summary.html,wsgc-tomcat-frontend,y
pk-intdev38-rk1,n,DP-PK,QA38,/summary.html,wsgc-tomcat-frontend,y
pt-intdev38-rk1,n,DP-PT,QA38,/summary.html,wsgc-tomcat-frontend,y
we-intdev38-rk1,n,DP-WE,QA38,/summary.html,wsgc-tomcat-frontend,y
ws-intdev38-rk1,n,DP-WS,QA38,/summary.html,wsgc-tomcat-frontend,y

mg-intdev33-rk1,,DP-MG,QA33,/summary.html,wsgc-tomcat-frontend,y
pb-intdev33-rk1,,DP-PB,QA33,/summary.html,wsgc-tomcat-frontend,y
pk-intdev33-rk1,,DP-PK,QA33,/summary.html,wsgc-tomcat-frontend,y
pt-intdev33-rk1,,DP-PT,QA33,/summary.html,wsgc-tomcat-frontend,y
we-intdev33-rk1,,DP-WE,QA33,/summary.html,wsgc-tomcat-frontend,y
ws-intdev33-rk1,,DP-WS,QA33,/summary.html,wsgc-tomcat-frontend,y

#mg-int1-rk1v,n,DP-MG,INT1,/summary.html,wsgc-tomcat-frontend,y
#pb-int1-rk1v,n,DP-PB,INT1,/summary.html,wsgc-tomcat-frontend,y
#pk-int1-rk1v,n,DP-PK,INT1,/summary.html,wsgc-tomcat-frontend,y
#pt-int1-rk1v,n,DP-PT,INT1,/summary.html,wsgc-tomcat-frontend,y
#we-int1-rk1v,n,DP-WE,INT1,/summary.html,wsgc-tomcat-frontend,y
#ws-int1-rk1v,n,DP-WS,INT1,/summary.html,wsgc-tomcat-frontend,y

perf.origin-svc.williams-sonoma.com,,ADG,perf,:443,,n



mg-intdev39-rk1,n,DP-MG,QA39,/summary.html,wsgc-tomcat-frontend,y
pb-intdev39-rk1,n,DP-PB,QA39,/summary.html,wsgc-tomcat-frontend,y
pk-intdev39-rk1,n,DP-PK,QA39,/summary.html,wsgc-tomcat-frontend,y
pt-intdev39-rk1,n,DP-PT,QA39,/summary.html,wsgc-tomcat-frontend,y
we-intdev39-rk1,n,DP-WE,QA39,/summary.html,wsgc-tomcat-frontend,y
ws-intdev39-rk1,n,DP-WS,QA39,/summary.html,wsgc-tomcat-frontend,y

mg-uat5-rk1,n,DP-MG,UAT5,/summary.html,wsgc-tomcat-frontend,y
pb-uat5-rk1,n,DP-PB,UAT5,/summary.html,wsgc-tomcat-frontend,y
pk-uat5-rk1,n,DP-PK,UAT5,/summary.html,wsgc-tomcat-frontend,y
pt-uat5-rk1,n,DP-PT,UAT5,/summary.html,wsgc-tomcat-frontend,y
we-uat5-rk1,n,DP-WE,UAT5,/summary.html,wsgc-tomcat-frontend,y
ws-uat5-rk1,n,DP-WS,UAT5,/summary.html,wsgc-tomcat-frontend,y

#mg-int2-rk1v,n,DP-MG,INT2,/summary.html,wsgc-tomcat-frontend,n
#pb-int2-rk1v,n,DP-PB,INT2,/summary.html,wsgc-tomcat-frontend,n
#pk-int2-rk1v,n,DP-PK,INT2,/summary.html,wsgc-tomcat-frontend,n
#pt-int2-rk1v,n,DP-PT,INT2,/summary.html,wsgc-tomcat-frontend,n
#we-int2-rk1v,n,DP-WE,INT2,/summary.html,wsgc-tomcat-frontend,n
#ws-int2-rk1v,n,DP-WS,INT2,/summary.html,wsgc-tomcat-frontend,n
,,,,,,
ecyumrk1v,,artifactory,INFRA,:443,,n
ecyumab1v,,artifactory,INFRA,:443,,n
snapshotrepo,,artifactory,INFRA,:443,,n
artifactory,,artifactory,INFRA,:443,,n
#ecombuild,,jenkins,INFRA,:443,,n
github,,github,INFRA,:443,,n
sonarqube,,sonarqube,INFRA,:443,,n
,,,,,,
feedgen-ca-qa-rk1v,,OSS-feedgen,CA-QA,/summary,wsgc-tomcat-oss-feedgen,y
search-orchestrator-ca-qa-rk1v,,OSS-orchestrator,CA-QA,/summary,wsgc-tomcat-oss-search-orchestrator,y
search-publisher-ca-qa-rk1v,,OSS-publisher,CA-QA,:443/summary,wsgc-tomcat-oss-search-publisher,y
,,,,,,
pb-cabpv-rk1v,,DP-PB,CABPV,/summary.html,wsgc-tomcat-frontend,y
pk-cabpv-rk1v,,DP-PK,CABPV,/summary.html,wsgc-tomcat-frontend,y
we-cabpv-rk1v,,DP-WE,CABPV,/summary.html,wsgc-tomcat-frontend,y
ws-cabpv-rk1v,,DP-WS,CABPV,/summary.html,wsgc-tomcat-frontend,y
,,,,,,
pb-caqa31-rk1v,,DP-PB,CAQA31,/summary.html,wsgc-tomcat-frontend,y
pk-caqa31-rk1v,,DP-PK,CAQA31,/summary.html,wsgc-tomcat-frontend,y
pt-caqa31-rk1v,,DP-PT,CAQA31,/summary.html,wsgc-tomcat-frontend,y
we-caqa31-rk1v,,DP-WE,CAQA31,/summary.html,wsgc-tomcat-frontend,y
ws-caqa31-rk1v,,DP-WS,CAQA31,/summary.html,wsgc-tomcat-frontend,y
,,,,,,
pb-caqa11-rk1v,,DP-PB,CAQA11,/summary.html,wsgc-tomcat-frontend,y
pk-caqa11-rk1v,,DP-PK,CAQA11,/summary.html,wsgc-tomcat-frontend,y
we-caqa11-rk1v,,DP-WE,CAQA11,/summary.html,wsgc-tomcat-frontend,y
ws-caqa11-rk1v,,DP-WS,CAQA11,/summary.html,wsgc-tomcat-frontend,y
,,,,,,
pb-caqa10-rk1v,,DP-PB,CAQA10,/summary.html,wsgc-tomcat-frontend,y
pk-caqa10-rk1v,,DP-PK,CAQA10,/summary.html,wsgc-tomcat-frontend,y
we-caqa10-rk1v,,DP-WE,CAQA10,/summary.html,wsgc-tomcat-frontend,y
ws-caqa10-rk1v,,DP-WS,CAQA10,/summary.html,wsgc-tomcat-frontend,y
,,,,,,
pb-cauat1-rk1v,,DP-PB,CAUAT1,/summary.html,wsgc-tomcat-frontend,y
pk-cauat1-rk1v,,DP-PK,CAUAT1,/summary.html,wsgc-tomcat-frontend,y
we-cauat1-rk1v,,DP-WE,CAUAT1,/summary.html,wsgc-tomcat-frontend,y
ws-cauat1-rk1v,,DP-WS,CAUAT1,/summary.html,wsgc-tomcat-frontend,y
,,,,,,
pb-cauat2-rk1v,,DP-PB,CAUAT2,/summary.html,wsgc-tomcat-frontend,y
pk-cauat2-rk1v,,DP-PK,CAUAT2,/summary.html,wsgc-tomcat-frontend,y
we-cauat2-rk1v,,DP-WE,CAUAT2,/summary.html,wsgc-tomcat-frontend,y
ws-cauat2-rk1v,,DP-WS,CAUAT2,/summary.html,wsgc-tomcat-frontend,y
,,,,,,
pb-cauat6-rk1v,,DP-PB,CAUAT6,/summary.html,wsgc-tomcat-frontend,y
pk-cauat6-rk1v,,DP-PK,CAUAT6,/summary.html,wsgc-tomcat-frontend,y
we-cauat6-rk1v,,DP-WE,CAUAT6,/summary.html,wsgc-tomcat-frontend,y
ws-cauat6-rk1v,,DP-WS,CAUAT6,/summary.html,wsgc-tomcat-frontend,y
,,,,,,
## these these to be re-comm'd
#pb-cauat7-rk1v,,DP-PB,CAUAT7,/summary.html,wsgc-tomcat-frontend,y
#pk-cauat7-rk1v,,DP-PK,CAUAT7,/summary.html,wsgc-tomcat-frontend,y
#pt-cauat7-rk1v,,DP-PT,CAUAT7,/summary.html,wsgc-tomcat-frontend,y
#we-cauat7-rk1v,,DP-WE,CAUAT7,/summary.html,wsgc-tomcat-frontend,y
#ws-cauat7-rk1v,,DP-WS,CAUAT7,/summary.html,wsgc-tomcat-frontend,y
,,,,,,
pb-cauat4-rk1v,,DP-PB,CAUAT4,/summary.html,wsgc-tomcat-frontend,y
pk-cauat4-rk1v,,DP-PK,CAUAT4,/summary.html,wsgc-tomcat-frontend,y
we-cauat4-rk1v,,DP-WE,CAUAT4,/summary.html,wsgc-tomcat-frontend,y
ws-cauat4-rk1v,,DP-WS,CAUAT4,/summary.html,wsgc-tomcat-frontend,y
,,,,,,
pb-cauat3-rk1v,,DP-PB,CAUAT3,/summary.html,wsgc-tomcat-frontend,y
pk-cauat3-rk1v,,DP-PK,CAUAT3,/summary.html,wsgc-tomcat-frontend,y
we-cauat3-rk1v,,DP-WE,CAUAT3,/summary.html,wsgc-tomcat-frontend,y
ws-cauat3-rk1v,,DP-WS,CAUAT3,/summary.html,wsgc-tomcat-frontend,y
,,,,,,
pb-cargs1-rk1v,,DP-PB,CARGS1,/summary.html,wsgc-tomcat-frontend,y
pk-cargs1-rk1v,,DP-PK,CARGS1,/summary.html,wsgc-tomcat-frontend,y
we-cargs1-rk1v,,DP-WE,CARGS1,/summary.html,wsgc-tomcat-frontend,y
ws-cargs1-rk1v,,DP-WS,CARGS1,/summary.html,wsgc-tomcat-frontend,y
,,,,,,
#ecmagent-staging-rk1v,,ecmagent-svc,STAGING,:443/,,y
#ecmagent-bgb-staging-rk1v,,ecmagent-bgb,STAGING,:443/,wsgc-tomcat-bgb,y
,,,,,,
#ecmagent-ca-staging-rk1v,,ecmagent-svc,CA-STAGING,:443/,,y
#ecmagent-bgb-ca-staging-rk1v,,ecmagent-bgb,CA-STAGING,:443/,wsgc-tomcat-bgb,y
,,,,,,
#ecmagent-qa3-rk1v,,ecmagent-svc,QA3,:443/,,y
#ecmagent-bgb-qa3-rk1v,,ecmagent-bgb,QA3,:443/,wsgc-tomcat-bgb,y
,,,,,,
#ecmagent-ca-qa3-rk1v,,ecmagent-svc,CA-QA3,:443/,,y
#ecmagent-bgb-ca-qa3-rk1v,,ecmagent-bgb,CA-QA3,:443/,wsgc-tomcat-bgb,y
,,,,,,
#ecmagent-uat1-rk1v,,ecmagent-svc,UAT1,:443/,,n
#ecmagent-bgb-uat1-rk1v,,ecmagent-bgb,UAT1,:443/,wsgc-tomcat-bgb,n
,,,,,,
#ecmagent-ca-uat1-sac1v,,ecmagent-svc,UAT1CA,:443/,,y
#ecmagent-bgb-ca-uat1-sac1v,,ecmagent-bgb,UAT1,:443/,wsgc-tomcat-bgb,y
,,,,,,
#ecmagent-perf1-rk1v,,ecmagent-svc,PERF1,:443/,,n
#ecmagent-bgb-perf1-rk1v,,ecmagent-bgb,PERF1,:49443/,wsgc-tomcat-bgb,n
,,,,,,
# not sure if this env actually exists
#ecmagent-ca1-rk1v,,ecmagent-svc,CA1,:443/,,y
#ecmagent-bgb-ca1-rk1v,,ecmagent-bgb,CA1,:49443/,,y
#
#ecmagent-qa2-rk1v,,ecmagent-svc,QA2,:443/,,y
#ecmagent-bgb-qa2-rk1v,,ecmagent-bgb,QA2,:49443/,wsgc-tomcat-bgb,y
,,,,,,
#ecmagent-ca-qa2-rk1v,,ecmagent-svc,QA2CA,:443/,,y
#ecmagent-bgb-ca-qa2-rk1v,,ecmagent-bgb,QA2CA,:443/,wsgc-tomcat-bgb,y
,,,,,,
#ecmagent-qa1-rk1v,,ecmagent-svc,QA1,:443/,,y
#ecmagent-bgb-qa1-rk1v,,ecmagent-bgb,QA1,:49443/,wsgc-tomcat-bgb,y
,,,,,,
#ecmagent-ca-qa1-rk1v,,ecmagent-svc,QA1CA,:443/,,y
#ecmagent-bgb-ca-qa1-rk1v,,ecmagent-bgb,QA1CA,:49443/,wsgc-tomcat-bgb,y
,,,,,,
#ecmagent-ca-perf1-rk1v,,ecmagent-svc,PERF1CA,:443/,,y
#ecmagent-bgb-ca-perf1-rk1v,,ecmagent-bgb,PERF1CA,:49443/,wsgc-tomcat-bgb,y
,,,,,,
#ecmagent-rgs1-rk1v,,ecmagent-svc,RGS1,:443/,,n
#ecmagent-bgb-rgs1-rk1v,,ecmagent-bgb,RGS1,:49443/,wsgc-tomcat-bgb,n
,,,,,,
#ecmagent-ca-rgs1-rk1v,,ecmagent-svc,RGS1CA,:443/,,y
#ecmagent-bgb-ca-rgs1-rk1v,,ecmagent-bgb,RGS1CA,:49443/,wsgc-tomcat-bgb,y
,,,,,,
bgb-ca-qa1-rk1v,n,BGB-service,CA-QA1,:443/,wsgc-tomcat-bgb,y
bgb-ca1-rk1v,,BGB-service,CA1,:49443/,,y
,,,,,,
bgb-ca-rgs1-rk1v,,BGB-service,CA-RGS1,:443/,wsgc-tomcat-bgb,y
buildsystem-ca-rgs1-rk1v,,BGB-service,CA-RGS1,:443/,wsgc-tomcat-buildsystem,y

bgb-ca-uat1-sac1v,,BGB-service,CA-UAT1,:443/,wsgc-tomcat-bgb,y
buildsystem-ca-uat1-sac1v,,BGB-service,CA-UAT1,:443/,wsgc-tomcat-buildsystem,y

,,,,,,
,,,,,,
,,,,,,
#ecmagent-int-rk1v,n,ecmagent-svc,INT,:443/,,n
#ecmagent-bgb-int-rk1v,n,ecmagent-bgb,INT,:443/,wsgc-tomcat-bgb,n
,,,,,,
#ecmagent-qa1-rk1v,,ecmagent-svc,QA,:443/,,y
#ecmagent-bgb-qa1-rk1v,,ecmagent-bgb,QA,:49443/,wsgc-tomcat-bgb,y
,,,,,,
#ecmagentintrk1v,,BGB,INT,,wsgc-tomcat-bgb,n
#ecmagentintrk1v,,ecmagent-svc,INT,:443/,,n
,,,,,,
bgb-rgs1-rk1v,,BGB-service,RGS1,:443/,wsgc-tomcat-bgb,y
buildsystem-rgs1-rk1v,,BGB-service,RGS1,:443/,wsgc-tomcat-buildsystem,n
,,,,,,
bgb-uat1-rk1v,,BGB-service,UAT,:49443/,wsgc-tomcat-bgb,n
buildsystem-uat1-rk1v,,buildsystem,UAT,/#/login,wsgc-tomcat-buildsystem,n
,,,,,,
bgb-uat2-rk1v,,BGB-service,UAT,:443/,wsgc-tomcat-bgb,n
bgb-uat2-rk1v,,buildsystem,UAT,/#/login,wsgc-tomcat-bgb,n
,,,,,,
#
mg-uat6-rk1v,,DP-MG,UAT6,/summary.html,wsgc-tomcat-frontend,y
pb-uat6-rk1v,,DP-PB,UAT6,/summary.html,wsgc-tomcat-frontend,y
pk-uat6-rk1v,,DP-PK,UAT6,/summary.html,wsgc-tomcat-frontend,y
pt-uat6-rk1v,,DP-PT,UAT6,/summary.html,wsgc-tomcat-frontend,y
we-uat6-rk1v,,DP-WE,UAT6,/summary.html,wsgc-tomcat-frontend,y
ws-uat6-rk1v,,DP-WS,UAT6,/summary.html,wsgc-tomcat-frontend,y

# these need to be re-comm'd
mg-uat7-rk1v,,DP-MG,UAT7,/summary.html,wsgc-tomcat-frontend,y
pb-uat7-rk1v,,DP-PB,UAT7,/summary.html,wsgc-tomcat-frontend,y
pk-uat7-rk1v,,DP-PK,UAT7,/summary.html,wsgc-tomcat-frontend,y
pt-uat7-rk1v,,DP-PT,UAT7,/summary.html,wsgc-tomcat-frontend,y
we-uat7-rk1v,,DP-WE,UAT7,/summary.html,wsgc-tomcat-frontend,y
ws-uat7-rk1v,,DP-WS,UAT7,/summary.html,wsgc-tomcat-frontend,y

mg-uat8-rk1v,,DP-MG,UAT8,/summary.html,wsgc-tomcat-frontend,y
pb-uat8-rk1v,,DP-PB,UAT8,/summary.html,wsgc-tomcat-frontend,y
pk-uat8-rk1v,,DP-PK,UAT8,/summary.html,wsgc-tomcat-frontend,y
pt-uat8-rk1v,,DP-PT,UAT8,/summary.html,wsgc-tomcat-frontend,y
rj-uat8-rk1v,,DP-RJ,UAT8,/summary.html,wsgc-tomcat-frontend,y
we-uat8-rk1v,,DP-WE,UAT8,/summary.html,wsgc-tomcat-frontend,y
ws-uat8-rk1v,,DP-WS,UAT8,/summary.html,wsgc-tomcat-frontend,y

#aemrck-vicn005,,AEM-CMA,QA2-,,,
#aemrck-vicn006,,AEM-CMA,QA2-,,,
#aemrck-vicn007,,AEM-CMA,UAT2-,,,
#aemrck-vicn008,,AEM-CMA,UAT2-,,,
#aemrck-vdcn003,,AEM-CMA,DEV-author,,,
#aemrck-vdcn004,,AEM-CMA,DEV-publish,,,
#aemrck-vdcn005,,AEM-CMA,QA-author,,,
#aemrck-vdcn006,,AEM-CMA,QA-publish,,,
#aemrck-vdcn007,,AEM-CMA,UAT-author,,,
#aemrck-vdcn008,,AEM-CMA,UAT-publish,,,
#damqark1p,,DAM,,:38781/libs/cq/core/content/login.html,,n
#damdevrk1p,,DAM,,:38781/libs/cq/core/content/login.html,,n
#mgecm-int-rk1v,n,ECM,UAT,:38600/libs/granite/core/content/login.html,wsgc-aem-author,y
#ptecm-uat-rk1v,n,ECM,UAT,:38600/libs/granite/core/content/login.html,wsgc-aem-author,y
#pkecm-uat-rk1v,n,ECM,UAT,:38600/libs/granite/core/content/login.html,wsgc-aem-author,y
#wsecm-uat-rk1v,n,ECM,UAT,:38600/libs/granite/core/content/login.html,wsgc-aem-author,y
#weecm-uat-rk1v,n,ECM,UAT,:38600/libs/granite/core/content/login.html,wsgc-aem-author,y
,,,,,,
,,,,,,
mg-bpv-sac1,,DP-MG,BPV,/summary.html,wsgc-tomcat-frontend,y
pb-bpv-sac1,,DP-PB,BPV,/summary.html,wsgc-tomcat-frontend,y
pk-bpv-sac1,,DP-PK,BPV,/summary.html,wsgc-tomcat-frontend,y
pt-bpv-sac1,,DP-PT,BPV,/summary.html,wsgc-tomcat-frontend,y
we-bpv-sac1,,DP-WE,BPV,/summary.html,wsgc-tomcat-frontend,y
ws-bpv-sac1,,DP-WS,BPV,/summary.html,wsgc-tomcat-frontend,y
,,,,,,
mg-rgs2-rk1v,n,DP-MG,RGS2,/summary.html,wsgc-tomcat-frontend,n
pb-rgs2-rk1v,,DP-PB,RGS2,/summary.html,wsgc-tomcat-frontend,y
pk-rgs2-rk1v,,DP-PK,RGS2,/summary.html,wsgc-tomcat-frontend,y
pt-rgs2-rk1v,,DP-PT,RGS2,/summary.html,wsgc-tomcat-frontend,y
we-rgs2-rk1v,,DP-WE,RGS2,/summary.html,wsgc-tomcat-frontend,y
ws-rgs2-rk1v,,DP-WS,RGS2,/summary.html,wsgc-tomcat-frontend,y
,,,,,,
mg-intdev57-rk1v,,DP-MG,QA57,/summary.html,wsgc-tomcat-frontend,y
pb-intdev57-rk1v,,DP-PB,QA57,/summary.html,wsgc-tomcat-frontend,y
pk-intdev57-rk1v,,DP-PK,QA57,/summary.html,wsgc-tomcat-frontend,y
pt-intdev57-rk1v,,DP-PT,QA57,/summary.html,wsgc-tomcat-frontend,y
we-intdev57-rk1v,,DP-WE,QA57,/summary.html,wsgc-tomcat-frontend,y
ws-intdev57-rk1v,,DP-WS,QA57,/summary.html,wsgc-tomcat-frontend,y
,,,,,,
mg-intdev56-rk1v,,DP-MG,QA56,/summary.html,wsgc-tomcat-frontend,y
pb-intdev56-rk1v,,DP-PB,QA56,/summary.html,wsgc-tomcat-frontend,y
pk-intdev56-rk1v,,DP-PK,QA56,/summary.html,wsgc-tomcat-frontend,y
pt-intdev56-rk1v,,DP-PT,QA56,/summary.html,wsgc-tomcat-frontend,y
we-intdev56-rk1v,,DP-WE,QA56,/summary.html,wsgc-tomcat-frontend,y
ws-intdev56-rk1v,,DP-WS,QA56,/summary.html,wsgc-tomcat-frontend,y
,,,,,,
mg-intdev55-sac1,,DP-MG,QA55,/summary.html,wsgc-tomcat-frontend,y
pb-intdev55-sac1,,DP-PB,QA55,/summary.html,wsgc-tomcat-frontend,y
pk-intdev55-sac1,,DP-PK,QA55,/summary.html,wsgc-tomcat-frontend,y
pt-intdev55-sac1,,DP-PT,QA55,/summary.html,wsgc-tomcat-frontend,y
we-intdev55-sac1,,DP-WE,QA55,/summary.html,wsgc-tomcat-frontend,y
ws-intdev55-sac1,,DP-WS,QA55,/summary.html,wsgc-tomcat-frontend,y
,,,,,,
pb-intdev54-sac1,,DP-PB,QA54,/summary.html,wsgc-tomcat-frontend,y
pk-intdev54-sac1,,DP-PK,QA54,/summary.html,wsgc-tomcat-frontend,y
pt-intdev54-rk1v,,DP-PT,QA54,/summary.html,wsgc-tomcat-frontend,y
we-intdev54-sac1,,DP-WE,QA54,/summary.html,wsgc-tomcat-frontend,y
ws-intdev54-sac1,,DP-WS,QA54,/summary.html,wsgc-tomcat-frontend,y
,,,,,,
mg-intdev53-sac1,,DP-MG,QA53,/summary.html,wsgc-tomcat-frontend,y
pb-intdev53-sac1,,DP-PB,QA53,/summary.html,wsgc-tomcat-frontend,y
pk-intdev53-sac1,,DP-PK,QA53,/summary.html,wsgc-tomcat-frontend,y
pt-intdev53-sac1,,DP-PT,QA53,/summary.html,wsgc-tomcat-frontend,y
we-intdev53-sac1,,DP-WE,QA53,/summary.html,wsgc-tomcat-frontend,y
ws-intdev53-sac1,,DP-WS,QA53,/summary.html,wsgc-tomcat-frontend,y
mg-intdev52-sac1,,DP-MG,QA52,/summary.html,wsgc-tomcat-frontend,y
pb-intdev52-sac1,,DP-PB,QA52,/summary.html,wsgc-tomcat-frontend,y
pk-intdev52-sac1,,DP-PK,QA52,/summary.html,wsgc-tomcat-frontend,y
pt-intdev52-sac1,,DP-PT,QA52,/summary.html,wsgc-tomcat-frontend,y
we-intdev52-sac1,,DP-WE,QA52,/summary.html,wsgc-tomcat-frontend,y
ws-intdev52-sac1,,DP-WS,QA52,/summary.html,wsgc-tomcat-frontend,y
mg-intdev51-sac1,,DP-MG,QA51,/summary.html,wsgc-tomcat-frontend,y
pb-intdev51-sac1,,DP-PB,QA51,/summary.html,wsgc-tomcat-frontend,y
pk-intdev51-sac1,,DP-PK,QA51,/summary.html,wsgc-tomcat-frontend,y
pt-intdev51-sac1,,DP-PT,QA51,/summary.html,wsgc-tomcat-frontend,y
we-intdev51-sac1,,DP-WE,QA51,/summary.html,wsgc-tomcat-frontend,y
ws-intdev51-sac1,,DP-WS,QA51,/summary.html,wsgc-tomcat-frontend,y
mg-intdev49-sac1,,DP-MG,QA49,/summary.html,wsgc-tomcat-frontend,y
pb-intdev49-sac1,,DP-PB,QA49,/summary.html,wsgc-tomcat-frontend,y
pk-intdev49-sac1,,DP-PK,QA49,/summary.html,wsgc-tomcat-frontend,y
pt-intdev49-sac1,,DP-PT,QA49,/summary.html,wsgc-tomcat-frontend,y
we-intdev49-sac1,,DP-WE,QA49,/summary.html,wsgc-tomcat-frontend,y
ws-intdev49-sac1,,DP-WS,QA49,/summary.html,wsgc-tomcat-frontend,y
gr-intdev47-sac1,,DP-GR,QA47,/summary.html,wsgc-tomcat-frontend,y
mg-intdev47-sac1,,DP-MG,QA47,/summary.html,wsgc-tomcat-frontend,y
pb-intdev47-sac1,,DP-PB,QA47,/summary.html,wsgc-tomcat-frontend,y
pk-intdev47-sac1,,DP-PK,QA47,/summary.html,wsgc-tomcat-frontend,y
pt-intdev47-sac1,,DP-PT,QA47,/summary.html,wsgc-tomcat-frontend,y
rj-intdev47-sac1,,DP-RJ,QA47,/summary.html,wsgc-tomcat-frontend,y
we-intdev47-sac1,,DP-WE,QA47,/summary.html,wsgc-tomcat-frontend,y
ws-intdev47-sac1,,DP-WS,QA47,/summary.html,wsgc-tomcat-frontend,y
mg-intdev46-sac1,,DP-MG,QA46,/summary.html,wsgc-tomcat-frontend,y
pb-intdev46-sac1,,DP-PB,QA46,/summary.html,wsgc-tomcat-frontend,y
pk-intdev46-sac1,,DP-PK,QA46,/summary.html,wsgc-tomcat-frontend,y
pt-intdev46-sac1,,DP-PT,QA46,/summary.html,wsgc-tomcat-frontend,y
we-intdev46-sac1,,DP-WE,QA46,/summary.html,wsgc-tomcat-frontend,y
ws-intdev46-sac1,,DP-WS,QA46,/summary.html,wsgc-tomcat-frontend,y
mg-intdev45-sac1,,DP-MG,QA45,/summary.html,wsgc-tomcat-frontend,y
pb-intdev45-sac1,,DP-PB,QA45,/summary.html,wsgc-tomcat-frontend,y
pk-intdev45-sac1,,DP-PK,QA45,/summary.html,wsgc-tomcat-frontend,y
pt-intdev45-sac1,,DP-PT,QA45,/summary.html,wsgc-tomcat-frontend,y
we-intdev45-sac1,,DP-WE,QA45,/summary.html,wsgc-tomcat-frontend,y
ws-intdev45-sac1,,DP-WS,QA45,/summary.html,wsgc-tomcat-frontend,y
mg-intdev44-sac1,,DP-MG,QA44,/summary.html,wsgc-tomcat-frontend,y
pb-intdev44-sac1,,DP-PB,QA44,/summary.html,wsgc-tomcat-frontend,y
pk-intdev44-sac1,,DP-PK,QA44,/summary.html,wsgc-tomcat-frontend,y
pt-intdev44-sac1,,DP-PT,QA44,/summary.html,wsgc-tomcat-frontend,y
we-intdev44-sac1,,DP-WE,QA44,/summary.html,wsgc-tomcat-frontend,y
ws-intdev44-sac1,,DP-WS,QA44,/summary.html,wsgc-tomcat-frontend,y
mg-intdev43-sac1,,DP-MG,QA43,/summary.html,wsgc-tomcat-frontend,y
pb-intdev43-sac1,,DP-PB,QA43,/summary.html,wsgc-tomcat-frontend,y
pk-intdev43-sac1,,DP-PK,QA43,/summary.html,wsgc-tomcat-frontend,y
pt-intdev43-sac1,,DP-PT,QA43,/summary.html,wsgc-tomcat-frontend,y
we-intdev43-sac1,,DP-WE,QA43,/summary.html,wsgc-tomcat-frontend,y
ws-intdev43-sac1,,DP-WS,QA43,/summary.html,wsgc-tomcat-frontend,y
mg-intdev42-sac1,,DP-MG,QA42,/summary.html,wsgc-tomcat-frontend,y
pb-intdev42-sac1,,DP-PB,QA42,/summary.html,wsgc-tomcat-frontend,y
pk-intdev42-sac1,,DP-PK,QA42,/summary.html,wsgc-tomcat-frontend,y
pt-intdev42-sac1,,DP-PT,QA42,/summary.html,wsgc-tomcat-frontend,y
we-intdev42-sac1,,DP-WE,QA42,/summary.html,wsgc-tomcat-frontend,y
ws-intdev42-sac1,,DP-WS,QA42,/summary.html,wsgc-tomcat-frontend,y
mg-intdev41-sac1,,DP-MG,QA41,/summary.html,wsgc-tomcat-frontend,y
pb-intdev41-sac1,,DP-PB,QA41,/summary.html,wsgc-tomcat-frontend,y
pk-intdev41-sac1,,DP-PK,QA41,/summary.html,wsgc-tomcat-frontend,y
pt-intdev41-sac1,,DP-PT,QA41,/summary.html,wsgc-tomcat-frontend,y
we-intdev41-sac1,,DP-WE,QA41,/summary.html,wsgc-tomcat-frontend,y
ws-intdev41-sac1,,DP-WS,QA41,/summary.html,wsgc-tomcat-frontend,y
mg-intdev40-sac1,,DP-MG,QA40,/summary.html,wsgc-tomcat-frontend,y
pb-intdev40-sac1,,DP-PB,QA40,/summary.html,wsgc-tomcat-frontend,y
pk-intdev40-sac1,,DP-PK,QA40,/summary.html,wsgc-tomcat-frontend,y
pt-intdev40-sac1,,DP-PT,QA40,/summary.html,wsgc-tomcat-frontend,y
we-intdev40-sac1,,DP-WE,QA40,/summary.html,wsgc-tomcat-frontend,y
ws-intdev40-sac1,,DP-WS,QA40,/summary.html,wsgc-tomcat-frontend,y
mg-intdev37-rk1,,DP-MG,QA37,/summary.html,wsgc-tomcat-frontend,y
pb-intdev37-rk1,,DP-PB,QA37,/summary.html,wsgc-tomcat-frontend,n
pk-intdev37-rk1,,DP-PK,QA37,/summary.html,wsgc-tomcat-frontend,y
pt-intdev37-rk1,,DP-PT,QA37,/summary.html,wsgc-tomcat-frontend,y
we-intdev37-rk1,,DP-WE,QA37,/summary.html,wsgc-tomcat-frontend,y
ws-intdev37-rk1,,DP-WS,QA37,/summary.html,wsgc-tomcat-frontend,y
mg-intdev36-rk1,,DP-MG,QA36,/summary.html,wsgc-tomcat-frontend,y
pb-intdev36-rk1,,DP-PB,QA36,/summary.html,wsgc-tomcat-frontend,y
pk-intdev36-rk1,,DP-PK,QA36,/summary.html,wsgc-tomcat-frontend,y
pt-intdev36-rk1,,DP-PT,QA36,/summary.html,wsgc-tomcat-frontend,y
we-intdev36-rk1,,DP-WE,QA36,/summary.html,wsgc-tomcat-frontend,y
ws-intdev36-rk1,,DP-WS,QA36,/summary.html,wsgc-tomcat-frontend,y

#caweb-qa1-rk1v,,caweb-pb,CAWEB-QA1,:49181,wsgc-tomcat-caweb-pb,y
#caweb-qa1-rk1v,,caweb-pk,CAWEB-QA1,:49182,wsgc-tomcat-caweb-pk,y
#caweb-qa1-rk1v,,caweb-ws,CAWEB-QA1,:49180,wsgc-tomcat-caweb-ws,y

locker-dev-rk2v,n,dfweb,DEV,,,n
securityadmin-qa,,securityadmin,DEV,/login.jsp,,n

#aemrck-vicn001,,AEM,QA1,:4501,wsgc-edam-service,n
#aemrck-vicn002,,AEM,QA1,:4501,wsgc-edam-service,n
#aemrck-vdcn001,n,AEM,DEV,:4501,wsgc-cq-primary,n
#aemrck-vdcn001,n,AEM,DEV,:4502,wsgc-cq-standby,n
#aemrck-vdcn002,n,AEM,DEV,:4501,wsgc-cq-primary,n
#aemrck-vdcn002,n,AEM,DEV,:4502,wsgc-cq-standby,n
#aemsac-vicn001,,AEM,UAT2,:4505,wsgc-cq-primary,n
#aemsac-vicn001,n,AEM,UAT1,:4502,wsgc-cq-standby,n
#aemash-vicn001,n,AEM,UAT1,:4501,wsgc-cq-primary,n
#aemash-vicn001,n,AEM,UAT2,:4502,wsgc-cq-standby,n
#aemrck-vicn001,,AEM,QA1,:4501,wsgc-cq-primary,n
#aemrck-vicn001,n,AEM,QA1,:4502,wsgc-cq-standby,n
#aemrck-vicn002,,AEM,QA2,:4501,wsgc-cq-primary,n
#aemrck-vicn002,n,AEM,QA2,:4502,wsgc-cq-standby,n
#aesrck-vicn001,,AES,QA,,,

buildsystem-uat2-rk1v,,Buildsystem,UAT,/login.html,wsgc-tomcat-buildsystem,
corp-qa1-rk1v,,Corp,QA,/index.html,wsgc-tomcat-corp,y
cntrck-vdcn001,,Contrast,DEV,,,
credl-qa-rk1v,,CustomerRecognitionEngine,QA,/admin/summary.html,wsgc-tomcat-cpcr,
dfeed-qa-rk1v,,Datafeed,QA1,/extracts,wsgc-dfeed-processor,
ecinvent-qa-rk1v,,Gizmotron,QA,:49182/admin/summary.html,wsgc-tomcat-gizmotron,y
ecinvent-qa-rk2v,n,Inventory,QA2,/inventorystateconsumer/summary.html,wsgc-tomcat-invent,n
#ecinvent-qa-rk3v,n,Inventory,QA3,/inventorystateconsumer/summary.html,wsgc-tomcat-invent,n
#ecinvent-qa-rk4v,n,Inventory,QA4,/inventorystateconsumer/summary.html,wsgc-tomcat-invent,n
#ecinvent-qa-rk5v,n,Inventory,QA5,/inventorystateconsumer/summary.html,wsgc-tomcat-invent,n
feedgen-dev-rk1v,n,OSS-feedgen,DEV,/summary,wsgc-tomcat-oss-feedgen,y
feedgen-qa-rk1v,,OSS-feedgen,QA,/summary,wsgc-tomcat-oss-feedgen,y
feedgen-uat-rk1v,,OSS-feedgen,UAT,/summary,wsgc-tomcat-oss-feedgen,y
img-qa-rk1v,,ImageServer,QA,/,httpd,
img-qa-rk2v,,ImageServer,QA,/,httpd,
,,,,,,
imgproc-rgs2-sac1v,,contentprocessor,RGS2,:8058,wsgc-contentprocessor-rgs2,y
imgproc-rgs2-sac1v,,contentprocessor,RGS2,/pubimagesrgs2/,httpd,y
imgproc-qa-sac1v,,contentprocessor,DEV,:8052,wsgc-contentprocessor-dev,y
imgproc-qa-sac1v,,contentprocessor,QA,:8053,wsgc-contentprocessor-qa,y
imgproc-qa-sac1v,,contentprocessor,QA,/pubimagesqa/,httpd,y
imgproc-perf-rk1v,,contentprocessor,PERF,:8056,wsgc-contentprocessor-perf,y
imgproc-perf-rk1v,,contentprocessor,PERF,/pubimagesperf/,httpd,y
imgproc-qa2-rk1v,,contentprocessor,QA2,:8058,wsgc-contentprocessor-qa2,y
imgproc-qa2-rk1v,,contentprocessor,QA2,/pubimagesqa2/,httpd,n
imgproc-rgs-sac1v,,contentprocessor,RGS,:8058,wsgc-contentprocessor-rgs,y
imgproc-rgs-sac1v,,contentprocessor,RGS,/pubimagesrgs/,httpd,y
imgproc-qa4-rk1v,,contentprocessor,QA4,:8058,wsgc-contentprocessor-qa4,y
imgproc-qa4-rk1v,,contentprocessor,QA4,/pubimagesqa4/,httpd,y
imgproc-qa5-rk1v,,contentprocessor,QA5,:8058,wsgc-contentprocessor-qa5,y
imgproc-qa5-rk1v,,contentprocessor,QA5,/pubimagesqa5/,httpd,y
imgproc-qa7-sac1v,,contentprocessor,QA7,:8058,wsgc-contentprocessor-qa7,y
imgproc-qa7-sac1v,,contentprocessor,QA7,/pubimagesqa7/,httpd,y
imgproc-ca1-rk1v,,contentprocessor,CA1,:8058,wsgc-contentprocessor-ca1,y
imgproc-ca1-rk1v,,contentprocessor,CA1,/pubimagesca1/,httpd,y
imgproc-uat1-rk1v,,contentprocessor,UAT,:8054,wsgc-contentprocessor-uat1,y
imgproc-uat1-rk1v,,contentprocessor,UAT,/pubimagesuat1/,httpd,y
imgproc-uat2-rk1v,,contentprocessor,UAT2,:8057,wsgc-contentprocessor-uat2,y
imgproc-uat2-rk1v,,contentprocessor,UAT2,/pubimagesuat2/,httpd,y
intl-dev1-rk1v,n,International,DEV,,wsgc-devops-intl-service-tomcat,y
intl-qa1-rk1v,,International,QA,,wsgc-devops-intl-service-tomcat,y
intlfetch-qa1-rk1v,,International,QA,,wsgc-devops-intlfetch-qa1-config,y
ambassador-qa1-rk1v,,International,QA,,wsgc-tomcat-intl,n
invadj-qa1-rk1v,,Inventory-Adjustment,QA,/inventoryadjustmentconsumer/summary.html,wsgc-tomcat-invadj,y
invadj-uat-rk1v,,Inventory-Adjustment,UAT,/inventoryadjustmentconsumer/summary.html,wsgc-tomcat-invadj,y
#loyalty-dev1-rk1v,n,Loyalty,DEV,/summary.html,wsgc-tomcat-loyalty,y
loyalty-qa1-rk1v,,Loyalty,QA1,/summary.html,wsgc-tomcat-loyalty,y
loyalty-qa1-rk2v,,Loyalty,QA1,/summary.html,wsgc-tomcat-loyalty,y
loyalty-uat1-rk1v,,Loyalty,UAT,/summary.html,wsgc-tomcat-loyalty,y
loyalty-uat1-rk2v,,Loyalty,UAT,/summary.html,wsgc-tomcat-loyalty,y
#loyalty-dev1-rk1v,,Loyalty-Batch,DEV1,/batch/summary,wsgc-tomcat-loyalty-batch,y
loyalty-uat1-rk1v,,Loyalty-Batch,UAT1,/batch/summary,wsgc-tomcat-loyalty-batch,y
loyalty-qa1-rk1v,,Loyalty-Batch,QA1,/batch/summary,wsgc-tomcat-loyalty-batch,y
mg-intdev1-rk1,,DP-MG,QA1,/summary.html,wsgc-tomcat-frontend,y
mg-intdev10-rk1,,DP-MG,QA10,/summary.html,wsgc-tomcat-frontend,
mg-intdev11-rk1,,DP-MG,QA11,/summary.html,wsgc-tomcat-frontend,y
mg-intdev12-rk1,,DP-MG,QA12,/summary.html,wsgc-tomcat-frontend,y
mg-intdev14-rk1,,DP-MG,QA14,/summary.html,wsgc-tomcat-frontend,y
mg-intdev17-rk1,,DP-MG,QA17,/summary.html,wsgc-tomcat-frontend,y
mg-intdev18-rk1,,DP-MG,QA18,/summary.html,wsgc-tomcat-frontend,y
mg-intdev19-rk1,,DP-MG,QA19,/summary.html,wsgc-tomcat-frontend,y
mg-intdev2-rk1,,DP-MG,QA2,/summary.html,wsgc-tomcat-frontend,y
mg-intdev20-rk1,,DP-MG,QA20,/summary.html,wsgc-tomcat-frontend,y
mg-intdev21-rk1,,DP-MG,QA21,/summary.html,wsgc-tomcat-frontend,y
mg-intdev22-rk1,,DP-MG,QA22,/summary.html,wsgc-tomcat-frontend,y
mg-intdev23-rk1,,DP-MG,QA23,/summary.html,wsgc-tomcat-frontend,y
mg-intdev26-rk1,,DP-MG,QA26,/summary.html,wsgc-tomcat-frontend,y
mg-intdev27-rk1,,DP-MG,QA27,/summary.html,wsgc-tomcat-frontend,y
mg-intdev28-rk1,,DP-MG,QA28,/summary.html,wsgc-tomcat-frontend,y
mg-intdev29-rk1,,DP-MG,QA29,/summary.html,wsgc-tomcat-frontend,y
mg-intdev3-rk1,,DP-MG,QA3,/summary.html,wsgc-tomcat-frontend,y
mg-intdev30-rk1,,DP-MG,QA30,/summary.html,wsgc-tomcat-frontend,y
mg-intdev31-rk1,,DP-MG,QA31,/summary.html,wsgc-tomcat-frontend,y
mg-intdev32-rk1,,DP-MG,QA32,/summary.html,wsgc-tomcat-frontend,y
mg-intdev34-rk1,,DP-MG,QA34,/summary.html,wsgc-tomcat-frontend,y
mg-intdev35-rk1,,DP-MG,QA35,/summary.html,wsgc-tomcat-frontend,y
mg-intdev4-rk1,,DP-MG,QA4,/summary.html,wsgc-tomcat-frontend,y
mg-intdev5-rk1,,DP-MG,QA5,/summary.html,wsgc-tomcat-frontend,y
mg-intdev6-rk1,,DP-MG,QA6,/summary.html,wsgc-tomcat-frontend,y
mg-intdev8-rk1,,DP-MG,QA8,/summary.html,wsgc-tomcat-frontend,y
mg-intdev9-rk1v,,DP-MG,QA9,/summary.html,wsgc-tomcat-frontend,y
mg-qa15-rk1v,,DP-MG,QA15,/summary.html,wsgc-tomcat-frontend,y
mg-qa16-rk1v,,DP-MG,QA16,/summary.html,wsgc-tomcat-frontend,y
mg-rgs1-rk1v,,DP-MG,RGS1,/summary.html,wsgc-tomcat-frontend,y
mg-uat1-rk1,,DP-MG,UAT1,/summary.html,wsgc-tomcat-frontend,y
mg-uat2-rk1,,DP-MG,UAT2,/summary.html,wsgc-tomcat-frontend,y
mg-uat3-rk1v,,DP-MG,UAT3,/summary.html,wsgc-tomcat-frontend,y
mg-uat4-rk1,,DP-MG,UAT4,/summary.html,wsgc-tomcat-frontend,y
pb-intdev1-rk1,,DP-PB,QA1,/summary.html,wsgc-tomcat-frontend,
pb-intdev10-rk1,,DP-PB,QA10,/summary.html,wsgc-tomcat-frontend,y
pb-intdev11-rk1,,DP-PB,QA11,/summary.html,wsgc-tomcat-frontend,y
pb-intdev12-rk1,,DP-PB,QA12,/summary.html,wsgc-tomcat-frontend,y
pb-intdev14-rk1,,DP-PB,QA14,/summary.html,wsgc-tomcat-frontend,y
pb-intdev17-rk1,,DP-PB,QA17,/summary.html,wsgc-tomcat-frontend,y
pb-intdev18-rk1,,DP-PB,QA18,/summary.html,wsgc-tomcat-frontend,y
pb-intdev19-rk1,,DP-PB,QA19,/summary.html,wsgc-tomcat-frontend,y
pb-intdev2-rk1,,DP-PB,QA2,/summary.html,wsgc-tomcat-frontend,y
pb-intdev20-rk1,,DP-PB,QA20,/summary.html,wsgc-tomcat-frontend,y
pb-intdev21-rk1,,DP-PB,QA21,/summary.html,wsgc-tomcat-frontend,y
pb-intdev22-rk1,,DP-PB,QA22,/summary.html,wsgc-tomcat-frontend,y
pb-intdev23-rk1,,DP-PB,QA23,/summary.html,wsgc-tomcat-frontend,y
pb-intdev26-rk1,,DP-PB,QA26,/summary.html,wsgc-tomcat-frontend,y
pb-intdev27-rk1,,DP-PB,QA27,/summary.html,wsgc-tomcat-frontend,y
pb-intdev28-rk1,,DP-PB,QA28,/summary.html,wsgc-tomcat-frontend,y
pb-intdev29-rk1,,DP-PB,QA29,/summary.html,wsgc-tomcat-frontend,y
pb-intdev3-rk1,,DP-PB,QA3,/summary.html,wsgc-tomcat-frontend,y
pb-intdev30-rk1,,DP-PB,QA30,/summary.html,wsgc-tomcat-frontend,y
pb-intdev31-rk1,,DP-PB,QA31,/summary.html,wsgc-tomcat-frontend,y
pb-intdev32-rk1,,DP-PB,QA32,/summary.html,wsgc-tomcat-frontend,y
pb-intdev34-rk1,,DP-PB,QA34,/summary.html,wsgc-tomcat-frontend,y
pb-intdev35-rk1,,DP-PB,QA35,/summary.html,wsgc-tomcat-frontend,y
pb-intdev4-rk1,,DP-PB,QA4,/summary.html,wsgc-tomcat-frontend,y
pb-intdev5-rk1,,DP-PB,QA5,/summary.html,wsgc-tomcat-frontend,y
pb-intdev6-rk1,,DP-PB,QA6,/summary.html,wsgc-tomcat-frontend,y
pb-intdev8-rk1,,DP-PB,QA8,/summary.html,wsgc-tomcat-frontend,y
pb-intdev9-rk1,,DP-PB,QA9,/summary.html,wsgc-tomcat-frontend,y
pb-qa15-rk1v,,DP-PB,QA15,/summary.html,wsgc-tomcat-frontend,y
pb-qa16-rk1v,,DP-PB,QA16,/summary.html,wsgc-tomcat-frontend,y
pb-rgs1-rk1v,,DP-PB,RGS1,/summary.html,wsgc-tomcat-frontend,y
pb-uat1-rk1,,DP-PB,UAT1,/summary.html,wsgc-tomcat-frontend,y
pb-uat2-rk1,,DP-PB,UAT2,/summary.html,wsgc-tomcat-frontend,y
pb-uat3-rk1v,,DP-PB,UAT3,/summary.html,wsgc-tomcat-frontend,y
pb-uat4-rk1,,DP-PB,UAT4,/summary.html,wsgc-tomcat-frontend,y
pk-intdev1-rk1,,DP-PK,QA1,/summary.html,wsgc-tomcat-frontend,y
pk-intdev10-rk1,,DP-PK,QA10,/summary.html,wsgc-tomcat-frontend,y
pk-intdev11-rk1,,DP-PK,QA11,/summary.html,wsgc-tomcat-frontend,y
pk-intdev12-rk1,,DP-PK,QA12,/summary.html,wsgc-tomcat-frontend,y
pk-intdev14-rk1,,DP-PK,QA14,/summary.html,wsgc-tomcat-frontend,y
pk-intdev17-rk1,,DP-PK,QA17,/summary.html,wsgc-tomcat-frontend,y
pk-intdev18-rk1,,DP-PK,QA18,/summary.html,wsgc-tomcat-frontend,y
pk-intdev19-rk1,,DP-PK,QA19,/summary.html,wsgc-tomcat-frontend,y
pk-intdev2-rk1,,DP-PK,QA2,/summary.html,wsgc-tomcat-frontend,y
pk-intdev20-rk1,,DP-PK,QA20,/summary.html,wsgc-tomcat-frontend,y
pk-intdev21-rk1,,DP-PK,QA21,/summary.html,wsgc-tomcat-frontend,y
pk-intdev22-rk1,,DP-PK,QA22,/summary.html,wsgc-tomcat-frontend,y
pk-intdev23-rk1,,DP-PK,QA23,/summary.html,wsgc-tomcat-frontend,y
pk-intdev26-rk1,,DP-PK,QA26,/summary.html,wsgc-tomcat-frontend,y
pk-intdev27-rk1,,DP-PK,QA27,/summary.html,wsgc-tomcat-frontend,y
pk-intdev28-rk1,,DP-PK,QA28,/summary.html,wsgc-tomcat-frontend,y
pk-intdev29-rk1,,DP-PK,QA29,/summary.html,wsgc-tomcat-frontend,y
pk-intdev3-rk1,,DP-PK,QA3,/summary.html,wsgc-tomcat-frontend,y
pk-intdev30-rk1,,DP-PK,QA30,/summary.html,wsgc-tomcat-frontend,y
pk-intdev31-rk1,,DP-PK,QA31,/summary.html,wsgc-tomcat-frontend,y
pk-intdev32-rk1,,DP-PK,QA32,/summary.html,wsgc-tomcat-frontend,y
pk-intdev34-rk1,,DP-PK,QA34,/summary.html,wsgc-tomcat-frontend,y
pk-intdev35-rk1,,DP-PK,QA35,/summary.html,wsgc-tomcat-frontend,y
pk-intdev4-rk1,,DP-PK,QA4,/summary.html,wsgc-tomcat-frontend,y
pk-intdev5-rk1,,DP-PK,QA5,/summary.html,wsgc-tomcat-frontend,y
pk-intdev6-rk1,,DP-PK,QA6,/summary.html,wsgc-tomcat-frontend,y
pk-intdev8-rk1,,DP-PK,QA8,/summary.html,wsgc-tomcat-frontend,y
pk-intdev9-rk1,,DP-PK,QA9,/summary.html,wsgc-tomcat-frontend,y
pk-qa15-rk1v,,DP-PK,QA15,/summary.html,wsgc-tomcat-frontend,y
pk-qa16-rk1v,,DP-PK,QA16,/summary.html,wsgc-tomcat-frontend,y
pk-rgs1-rk1v,,DP-PK,RGS1,/summary.html,wsgc-tomcat-frontend,y
pk-uat1-rk1,,DP-PK,UAT1,/summary.html,wsgc-tomcat-frontend,y
pk-uat2-rk1,,DP-PK,UAT2,/summary.html,wsgc-tomcat-frontend,y
pk-uat3-rk1v,,DP-PK,UAT3,/summary.html,wsgc-tomcat-frontend,y
pk-uat4-rk1,,DP-PK,UAT4,/summary.html,wsgc-tomcat-frontend,y
poloader-dev1-rk1v,n,Poloader,DEV,/service/v1/summary.html,wsgc-tomcat-poloader,
poloader-qa1-rk1v,,Poloader,QA,/service/v1/summary.html,wsgc-tomcat-poloader,y
pt-intdev1-rk1,,DP-PT,QA1,/summary.html,wsgc-tomcat-frontend,y
pt-intdev10-rk1,,DP-PT,QA10,/summary.html,wsgc-tomcat-frontend,y
pt-intdev11-rk1,,DP-PT,QA11,/summary.html,wsgc-tomcat-frontend,y
pt-intdev12-rk1,,DP-PT,QA12,/summary.html,wsgc-tomcat-frontend,y
pt-intdev14-rk1,,DP-PT,QA14,/summary.html,wsgc-tomcat-frontend,y
pt-intdev17-rk1,,DP-PT,QA17,/summary.html,wsgc-tomcat-frontend,y
pt-intdev18-rk1,,DP-PT,QA18,/summary.html,wsgc-tomcat-frontend,y
pt-intdev19-rk1,,DP-PT,QA19,/summary.html,wsgc-tomcat-frontend,y
pt-intdev2-rk1,,DP-PT,QA2,/summary.html,wsgc-tomcat-frontend,y
pt-intdev20-rk1,,DP-PT,QA20,/summary.html,wsgc-tomcat-frontend,y
pt-intdev21-rk1,,DP-PT,QA21,/summary.html,wsgc-tomcat-frontend,y
pt-intdev22-rk1,,DP-PT,QA22,/summary.html,wsgc-tomcat-frontend,y
pt-intdev23-rk1,,DP-PT,QA23,/summary.html,wsgc-tomcat-frontend,y
pt-intdev26-rk1,,DP-PT,QA26,/summary.html,wsgc-tomcat-frontend,y
pt-intdev27-rk1,,DP-PT,QA27,/summary.html,wsgc-tomcat-frontend,y
pt-intdev28-rk1,,DP-PT,QA28,/summary.html,wsgc-tomcat-frontend,y
pt-intdev29-rk1,,DP-PT,QA29,/summary.html,wsgc-tomcat-frontend,y
pt-intdev3-rk1,,DP-PT,QA3,/summary.html,wsgc-tomcat-frontend,y
pt-intdev30-rk1,,DP-PT,QA30,/summary.html,wsgc-tomcat-frontend,y
pt-intdev31-rk1,,DP-PT,QA31,/summary.html,wsgc-tomcat-frontend,y
pt-intdev32-rk1,,DP-PT,QA32,/summary.html,wsgc-tomcat-frontend,y
pt-intdev34-rk1,,DP-PT,QA34,/summary.html,wsgc-tomcat-frontend,y
pt-intdev35-rk1,,DP-PT,QA35,/summary.html,wsgc-tomcat-frontend,y
pt-intdev4-rk1,,DP-PT,QA4,/summary.html,wsgc-tomcat-frontend,y
pt-intdev5-rk1,,DP-PT,QA5,/summary.html,wsgc-tomcat-frontend,y
pt-intdev6-rk1,,DP-PT,QA6,/summary.html,wsgc-tomcat-frontend,y
pt-intdev8-rk1,,DP-PT,QA8,/summary.html,wsgc-tomcat-frontend,y
pt-intdev9-rk1,,DP-PT,QA9,/summary.html,wsgc-tomcat-frontend,y
pt-qa15-rk1v,,DP-PT,QA15,/summary.html,wsgc-tomcat-frontend,y
pt-qa16-rk1v,,DP-PT,QA16,/summary.html,wsgc-tomcat-frontend,y
pt-rgs1-rk1v,,DP-PT,RGS1,/summary.html,wsgc-tomcat-frontend,n
pt-uat1-rk1,,DP-PT,UAT1,/summary.html,wsgc-tomcat-frontend,n
pt-uat2-rk1,,DP-PT,UAT2,/summary.html,wsgc-tomcat-frontend,n
pt-uat3-rk1v,,DP-PT,UAT3,/summary.html,wsgc-tomcat-frontend,y
pt-uat4-rk1,,DP-PT,UAT4,/summary.html,wsgc-tomcat-frontend,n
sccext-dev-rk1v,,SavedCreditCard,DEV,/admin/summary.html,wsgc-tomcat-sccext,n
sccext-qa1-rk1v,,SavedCreditCard,QA1,/admin/summary.html,wsgc-tomcat-sccext,n
sccext-qa2-rk1v,,SavedCreditCard,QA2,/admin/summary.html,wsgc-tomcat-sccext,n
sccext-qa3-rk1v,,SavedCreditCard,QA3,/admin/summary.html,wsgc-tomcat-sccext,n
sccext-qa5-rk1v,,SavedCreditCard,QA5,/admin/summary.html,wsgc-tomcat-sccext,n
sccint-dev-rk1v,,SavedCreditCard,DEV,/admin/summary.html,wsgc-tomcat-sccint,n
sccint-qa1-rk1v,,SavedCreditCard,QA1,/admin/summary.html,wsgc-tomcat-sccint,n
sccint-qa2-rk1v,,SavedCreditCard,QA2,/admin/summary.html,wsgc-tomcat-sccint,n
sccint-qa3-rk1v,,SavedCreditCard,QA3,/admin/summary.html,wsgc-tomcat-sccint,n
sccint-qa5-rk1v,,SavedCreditCard,QA5,/admin/summary.html,wsgc-tomcat-sccint,n
search-orchestrator-dev-rk1v,n,OSS-orchestrator,DEV,/summary,wsgc-tomcat-oss-search-orchestrator,y
search-orchestrator-qa-rk1v,,OSS-orchestrator,QA,/summary,wsgc-tomcat-oss-search-orchestrator,y
search-orchestrator-uat-rk1v,,OSS-orchestrator,UAT,/summary,wsgc-tomcat-oss-search-orchestrator,y
search-publisher-dev-rk1v,n,OSS-publisher,DEV,/summary,wsgc-tomcat-oss-search-publisher,y
search-publisher-qa-rk1v,,OSS-publisher,QA,/summary,wsgc-tomcat-oss-search-publisher,y
search-publisher-uat-rk1v,,OSS-publisher,UAT,/summary,wsgc-tomcat-oss-search-publisher,y
we-intdev1-rk1,,DP-WE,QA1,/summary.html,wsgc-tomcat-frontend,y
we-intdev10-rk1,,DP-WE,QA10,/summary.html,wsgc-tomcat-frontend,y
we-intdev11-rk1,,DP-WE,QA11,/summary.html,wsgc-tomcat-frontend,y
we-intdev12-rk1,,DP-WE,QA12,/summary.html,wsgc-tomcat-frontend,y
we-intdev14-rk1,,DP-WE,QA14,/summary.html,wsgc-tomcat-frontend,y
we-intdev17-rk1,,DP-WE,QA17,/summary.html,wsgc-tomcat-frontend,y
we-intdev18-rk1,,DP-WE,QA18,/summary.html,wsgc-tomcat-frontend,y
we-intdev19-rk1,,DP-WE,QA19,/summary.html,wsgc-tomcat-frontend,y
we-intdev2-rk1,,DP-WE,QA2,/summary.html,wsgc-tomcat-frontend,y
we-intdev20-rk1,,DP-WE,QA20,/summary.html,wsgc-tomcat-frontend,y
we-intdev21-rk1,,DP-WE,QA21,/summary.html,wsgc-tomcat-frontend,y
we-intdev22-rk1,,DP-WE,QA22,/summary.html,wsgc-tomcat-frontend,y
we-intdev23-rk1,,DP-WE,QA23,/summary.html,wsgc-tomcat-frontend,y
we-intdev26-rk1,,DP-WE,QA26,/summary.html,wsgc-tomcat-frontend,y
we-intdev27-rk1,,DP-WE,QA27,/summary.html,wsgc-tomcat-frontend,y
we-intdev28-rk1,,DP-WE,QA28,/summary.html,wsgc-tomcat-frontend,y
we-intdev29-rk1,,DP-WE,QA29,/summary.html,wsgc-tomcat-frontend,y
we-intdev3-rk1,,DP-WE,QA3,/summary.html,wsgc-tomcat-frontend,y
we-intdev30-rk1,,DP-WE,QA30,/summary.html,wsgc-tomcat-frontend,y
we-intdev31-rk1,,DP-WE,QA31,/summary.html,wsgc-tomcat-frontend,y
we-intdev32-rk1,,DP-WE,QA32,/summary.html,wsgc-tomcat-frontend,y
we-intdev34-rk1,,DP-WE,QA34,/summary.html,wsgc-tomcat-frontend,y
we-intdev35-rk1,,DP-WE,QA35,/summary.html,wsgc-tomcat-frontend,y
we-intdev4-rk1,,DP-WE,QA4,/summary.html,wsgc-tomcat-frontend,y
we-intdev5-rk1,,DP-WE,QA5,/summary.html,wsgc-tomcat-frontend,y
we-intdev6-rk1,,DP-WE,QA6,/summary.html,wsgc-tomcat-frontend,y
we-intdev8-rk1,,DP-WE,QA8,/summary.html,wsgc-tomcat-frontend,y
we-intdev9-rk1,,DP-WE,QA9,/summary.html,wsgc-tomcat-frontend,y
we-qa15-rk1v,,DP-WE,QA15,/summary.html,wsgc-tomcat-frontend,y
we-qa16-rk1v,,DP-WE,QA16,/summary.html,wsgc-tomcat-frontend,y
we-rgs1-rk1v,,DP-WE,RGS1,/summary.html,wsgc-tomcat-frontend,y
we-uat1-rk1,,DP-WE,UAT1,/summary.html,wsgc-tomcat-frontend,y
we-uat2-rk1,,DP-WE,UAT2,/summary.html,wsgc-tomcat-frontend,y
we-uat3-rk1v,,DP-WE,UAT3,/summary.html,wsgc-tomcat-frontend,y
we-uat4-rk1,,DP-WE,UAT4,/summary.html,wsgc-tomcat-frontend,y
#webauth-dev-rk01v,n,Oauth,DEV,/summary,wsgc-tomcat-oauth,n
#webauth-qa-rk01v,,Oauth,QA1,/summary,wsgc-tomcat-oauth,y
#webauth-uat-rk01v,,Oauth,UAT1,/summary,wsgc-tomcat-oauth,n
#webauth-uat-rk02v,,Oauth,UAT1,/summary,wsgc-tomcat-oauth,n
#webauth-uat-rk03v,,Oauth,UAT1,/summary,wsgc-tomcat-oauth,n
ws-intdev1-rk1,,DP-WS,QA1,/summary.html,wsgc-tomcat-frontend,y
ws-intdev10-rk1,,DP-WS,QA10,/summary.html,wsgc-tomcat-frontend,y
ws-intdev11-rk1,,DP-WS,QA11,/summary.html,wsgc-tomcat-frontend,y
ws-intdev12-rk1,,DP-WS,QA12,/summary.html,wsgc-tomcat-frontend,y
ws-intdev14-rk1,,DP-WS,QA14,/summary.html,wsgc-tomcat-frontend,y
ws-intdev17-rk1,,DP-WS,QA17,/summary.html,wsgc-tomcat-frontend,y
ws-intdev18-rk1,,DP-WS,QA18,/summary.html,wsgc-tomcat-frontend,y
ws-intdev19-rk1,,DP-WS,QA19,/summary.html,wsgc-tomcat-frontend,y
ws-intdev2-rk1,,DP-WS,QA2,/summary.html,wsgc-tomcat-frontend,y
ws-intdev20-rk1,,DP-WS,QA20,/summary.html,wsgc-tomcat-frontend,y
ws-intdev21-rk1,,DP-WS,QA21,/summary.html,wsgc-tomcat-frontend,y
ws-intdev22-rk1,,DP-WS,QA22,/summary.html,wsgc-tomcat-frontend,y
ws-intdev23-rk1,,DP-WS,QA23,/summary.html,wsgc-tomcat-frontend,y
ws-intdev26-rk1,,DP-WS,QA26,/summary.html,wsgc-tomcat-frontend,y
ws-intdev27-rk1,,DP-WS,QA27,/summary.html,wsgc-tomcat-frontend,y
ws-intdev28-rk1,,DP-WS,QA28,/summary.html,wsgc-tomcat-frontend,y
ws-intdev29-rk1,,DP-WS,QA29,/summary.html,wsgc-tomcat-frontend,y
ws-intdev3-rk1,,DP-WS,QA3,/summary.html,wsgc-tomcat-frontend,y
ws-intdev30-rk1,,DP-WS,QA30,/summary.html,wsgc-tomcat-frontend,y
ws-intdev31-rk1,,DP-WS,QA31,/summary.html,wsgc-tomcat-frontend,y
ws-intdev32-rk1,,DP-WS,QA32,/summary.html,wsgc-tomcat-frontend,y
ws-intdev34-rk1,,DP-WS,QA34,/summary.html,wsgc-tomcat-frontend,y
ws-intdev35-rk1,,DP-WS,QA35,/summary.html,wsgc-tomcat-frontend,y
ws-intdev4-rk1,,DP-WS,QA4,/summary.html,wsgc-tomcat-frontend,y
ws-intdev5-rk1,,DP-WS,QA5,/summary.html,wsgc-tomcat-frontend,y
ws-intdev6-rk1,,DP-WS,QA6,/summary.html,wsgc-tomcat-frontend,y
ws-intdev8-rk1,,DP-WS,QA8,/summary.html,wsgc-tomcat-frontend,y
ws-intdev9-rk1,,DP-WS,QA9,/summary.html,wsgc-tomcat-frontend,y
ws-qa15-rk1v,,DP-WS,QA15,/summary.html,wsgc-tomcat-frontend,y
ws-qa16-rk1v,,DP-WS,QA16,/summary.html,wsgc-tomcat-frontend,y
ws-rgs1-rk1v,,DP-WS,RGS1,/summary.html,wsgc-tomcat-fronted,y
ws-uat1-rk1,,DP-WS,UAT1,/summary.html,wsgc-tomcat-frontend,y
ws-uat2-rk1,,DP-WS,UAT2,/summary.html,wsgc-tomcat-frontend,y
ws-uat3-rk1v,,DP-WS,UAT3,/summary.html,wsgc-tomcat-frontend,y
ws-uat4-rk1,,DP-WS,UAT4,/summary.html,wsgc-tomcat-frontend,y
xcarck-vdcn001,y,ESRE-Portal,QA,/esreportal-0/login,,
xcarck-vdcn002,n,ESRE-Portal,QA,/esreportal-0/login,,
xcarck-vdcn003,n,ESRE-Portal,QA,/esreportal-0/login,,
cassandra-dev1-rk1,,,,,,
cassandra-dev1-rk2,,,,,,
#sndrck-vdcn002,n,Sandbox,,,,n
#sndrck-vdcn003,n,Sandbox,,,,n
#sndrck-vdcn004,n,Sandbox,,,,n
eferck-vicn073,,,,,,
eferck-vicn074,,,,,,
eferck-vicn075,,,,,,
eferck-vicn076,,,,,,
eferck-vicn077,,,,,,
aerodbqark1.wsgc.com,,,,,,
aerodbqark2.wsgc.com,,,,,,
aerodbqark3.wsgc.com,,,,,,
aerodbqark4.wsgc.com,,,,,,
aerodbqark5.wsgc.com,,,,,,
casrck-vdcn001,,Cassandra,,,,
casrck-vdcn002,,Cassandra,,,,
casrck-vicn004,,Cassandra,,,,
cassac-vicn001,,Cassandra,,,,
cassac-vicn002,,Cassandra,,,,
cassac-vicn003,,Cassandra,,,,
casrck-vicn001,,Cassandra,,,,
casrck-vicn002,,Cassandra,,,,
casrck-vicn003,,Cassandra,,,,
cassandra-qa1-rk1,,Cassandra,,,,
cassandra-qa1-rk2,,Cassandra,,,,
cassandra-qa1-rk3,,Cassandra,,,,
#cassandra-qa1-sac1,n,Cassandra,,,,
#cassandra-qa1-sac2,n,Cassandra,,,,
#cassandra-qa1-sac3,n,Cassandra,,,,
verrck-vdcn001,,,,,,
verrck-vicn001,,,,,,
verrck-vicn002,,,,,,
verrck-vicn003,,,,,,
verrck-vicn004,,,,,,
artrck-vdcn007,,,,,,
ecmrck-vicn017,,,,,,
edarck-vicn003,,,,,,
dparck-vicn019,,,,,,
dparck-vicn020,,,,,,
dparck-vicn021,,,,,,
dparck-vicn022,,,,,,
dparck-vicn023,,,,,,
dparck-vicn024,,,,,,
dparck-vicn025,,,,,,
dparck-vicn026,,,,,,
dparck-vicn027,,,,,,
dparck-vicn028,,,,,,
dparck-vicn029,,,,,,
dparck-vicn030,,,,,,
dparck-vicn031,,,,,,
dparck-vicn032,,,,,,
dparck-vicn033,,,,,,
efesac-vicn037,,,,,,
efesac-vicn038,,,,,,
efesac-vicn039,,,,,,
efesac-vicn040,,,,,,
efesac-vicn041,,,,,,
efesac-vicn042,,,,,,
efesac-vicn043,,,,,,
efesac-vicn044,,,,,,
efesac-vicn045,,,,,,
efesac-vicn046,,,,,,
efesac-vicn047,,,,,,
efesac-vicn048,,,,,,
efesac-vicn049,,,,,,
efesac-vicn050,,,,,,
efesac-vicn051,,,,,,
efesac-vicn052,,,,,,
efesac-vicn053,,,,,,
efesac-vicn054,,,,,,
efesac-vicn055,,,,,,
efesac-vicn056,,,,,,
efesac-vicn057,,,,,,
efesac-vicn058,,,,,,
efesac-vicn059,,,,,,
efesac-vicn060,,,,,,
jnkrck-vicn003,,,,,,
jnkrck-vicn004,,,,,,
prcrck-vicn004,,,,,,
prcrck-vicn005,,,,,,
prcrck-vicn006,,,,,,
prcrck-vicn007,,,,,,
tsrrck-vicn001,,,,,,
ecmrck-vicn011,,,,,,
ecmrck-vicn014,,,,,,
ecmrck-vicn015,,,,,,
ecmrck-vicn016,,,,,,
ecmrck-vicn019,,,,,,
ecmrck-vicn020,,,,,,

#gr-wcm-qa1-sac1v,n,WCM-cq,QA1,:38600,wsgc-cq,n
#gr-wcm-qa1-sac1v,n,WCM-solr,QA1,:38600/libs/granite/core/content/login.html,wsgc-tomcat-solrwcm,n
#gr-wcm-rgs1-rk1v,n,WCM-cq,RGS1,:38600,wsgc-cq,n
#gr-wcm-rgs1-rk1v,n,WCM-solr,RGS1,:38600/libs/granite/core/content/login.html,wsgc-tomcat-solrwcm,n
#gr-wcm-uat1-rk1v,n,WCM-cq,UAT1,:38600,wsgc-cq,n
#gr-wcm-uat1-rk1v,n,WCM-solr,UAT1,:38600/libs/granite/core/content/login.html,wsgc-tomcat-solrwcm,n
#mg-wcm-perf-rk1v,n,WCM-cq,PERF,:38600,wsgc-cq,n
#mg-wcm-perf-rk1v,n,WCM-solr,PERF,:38600/libs/granite/core/content/login.html,wsgc-tomcat-solrwcm,n
#mg-wcm-rgs-rk1v,n,WCM-cq,RGS,:38600,wsgc-cq,n
#mg-wcm-rgs-rk1v,n,WCM-solr,RGS,:38600/libs/granite/core/content/login.html,wsgc-tomcat-solrwcm,n
#mg-wcm-rgs2-sac1v,n,WCM-cq,rgs2,:38600,wsgc-cq,n
#mg-wcm-rgs2-sac1v,n,WCM-solr,rgs2,:38600/libs/granite/core/content/login.html,wsgc-tomcat-solrwcm,n
#mg-wcm-rgs3-sac1v,n,WCM-cq,rgs3,:38600,wsgc-cq,n
#mg-wcm-rgs3-sac1v,n,WCM-solr,rgs3,:38600/libs/granite/core/content/login.html,wsgc-tomcat-solrwcm,n
#mg-wcm-uat1-rk1v,n,WCM-cq,UAT1,:38600,wsgc-cq,n
#mg-wcm-uat1-rk1v,n,WCM-solr,UAT1,:38600/libs/granite/core/content/login.html,wsgc-tomcat-solrwcm,n
#mg-wcm-uat2-rk1v,n,WCM-cq,UAT2,:38600,wsgc-cq,n
#mg-wcm-uat2-rk1v,n,WCM-solr,UAT2,:38600/libs/granite/core/content/login.html,wsgc-tomcat-solrwcm,n
#pb-wcm-perf-rk1v,n,WCM-cq,PERF,:38600,wsgc-cq,n
#pb-wcm-perf-rk1v,n,WCM-solr,PERF,:38600/libs/granite/core/content/login.html,wsgc-tomcat-solrwcm,n
#pb-wcm-rgs-rk1v,n,WCM-cq,RGS,:38600,wsgc-cq,n
#pb-wcm-rgs-rk1v,n,WCM-solr,RGS,:38600/libs/granite/core/content/login.html,wsgc-tomcat-solrwcm,n
#pb-wcm-rgs2-sac1v,n,WCM-cq,rgs2,:38600,wsgc-cq,n
#pb-wcm-rgs2-sac1v,n,WCM-solr,rgs2,:38600/libs/granite/core/content/login.html,wsgc-tomcat-solrwcm,n
#pb-wcm-rgs3-sac1v,n,WCM-cq,rgs3,:38600,wsgc-cq,n
#pb-wcm-rgs3-sac1v,n,WCM-solr,rgs3,:38600/libs/granite/core/content/login.html,wsgc-tomcat-solrwcm,n
#pb-wcm-uat1-rk1v,n,WCM-cq,UAT1,:38600,wsgc-cq,n
#pb-wcm-uat1-rk1v,n,WCM-solr,UAT1,:38600/libs/granite/core/content/login.html,wsgc-tomcat-solrwcm,n
#pb-wcm-uat2-rk1v,n,WCM-cq,UAT2,:38600,wsgc-cq,n
#pb-wcm-uat2-rk1v,n,WCM-solr,UAT2,:38600/libs/granite/core/content/login.html,wsgc-tomcat-solrwcm,n
#pk-wcm-perf-rk1v,n,WCM-cq,PERF,:38600,wsgc-cq,n
#pk-wcm-perf-rk1v,n,WCM-solr,PERF,:38600/libs/granite/core/content/login.html,wsgc-tomcat-solrwcm,n
#pk-wcm-rgs-rk1v,n,WCM-cq,RGS,:38600,wsgc-cq,n
#pk-wcm-rgs-rk1v,n,WCM-solr,RGS,:38600/libs/granite/core/content/login.html,wsgc-tomcat-solrwcm,n
#pk-wcm-rgs2-sac1v,n,WCM-cq,rgs2,:38600,wsgc-cq,n
#pk-wcm-rgs2-sac1v,n,WCM-solr,rgs2,:38600/libs/granite/core/content/login.html,wsgc-tomcat-solrwcm,n
#pk-wcm-rgs3-sac1v,n,WCM-cq,rgs3,:38600,wsgc-cq,n
#pk-wcm-rgs3-sac1v,n,WCM-solr,rgs3,:38600/libs/granite/core/content/login.html,wsgc-tomcat-solrwcm,n
#pk-wcm-uat1-rk1v,n,WCM-cq,UAT1,:38600,wsgc-cq,n
#pk-wcm-uat1-rk1v,n,WCM-solr,UAT1,:38600/libs/granite/core/content/login.html,wsgc-tomcat-solrwcm,n
#pk-wcm-uat2-rk1v,n,WCM-cq,UAT2,:38600,wsgc-cq,n
#pk-wcm-uat2-rk1v,n,WCM-solr,UAT2,:38600/libs/granite/core/content/login.html,wsgc-tomcat-solrwcm,n
#pt-wcm-perf-rk1v,n,WCM-cq,PERF,:38600,wsgc-cq,n
#pt-wcm-perf-rk1v,n,WCM-solr,PERF,:38600/libs/granite/core/content/login.html,wsgc-tomcat-solrwcm,n
#pt-wcm-rgs-rk1v,n,WCM-cq,RGS,:38600,wsgc-cq,n
#pt-wcm-rgs-rk1v,n,WCM-solr,RGS,:38600/libs/granite/core/content/login.html,wsgc-tomcat-solrwcm,n
#pt-wcm-rgs2-sac1v,n,WCM-cq,rgs2,:38600,wsgc-cq,n
#pt-wcm-rgs2-sac1v,n,WCM-solr,rgs2,:38600/libs/granite/core/content/login.html,wsgc-tomcat-solrwcm,n
#pt-wcm-rgs3-sac1v,n,WCM-cq,rgs3,:38600,wsgc-cq,n
#pt-wcm-rgs3-sac1v,n,WCM-solr,rgs3,:38600/libs/granite/core/content/login.html,wsgc-tomcat-solrwcm,n
#pt-wcm-uat1-rk1v,n,WCM-cq,UAT1,:38600,wsgc-cq,n
#pt-wcm-uat1-rk1v,n,WCM-solr,UAT1,:38600/libs/granite/core/content/login.html,wsgc-tomcat-solrwcm,n
#pt-wcm-uat2-rk1v,n,WCM-cq,UAT2,:38600,wsgc-cq,n
#pt-wcm-uat2-rk1v,n,WCM-solr,UAT2,:38600/libs/granite/core/content/login.html,wsgc-tomcat-solrwcm,n
#rj-wcm-qa1-sac1v,n,WCM-cq,QA1,:38600,wsgc-cq,n
#rj-wcm-qa1-sac1v,n,WCM-solr,QA1,:38600/libs/granite/core/content/login.html,wsgc-tomcat-solrwcm,n
#rj-wcm-qa5-rk1v,n,WCM-cq,QA5,:38600,wsgc-cq,n
#rj-wcm-qa5-rk1v,n,WCM-solr,QA5,:38600/libs/granite/core/content/login.html,wsgc-tomcat-solrwcm,n
#rj-wcm-qa7-rk1v,n,WCM-cq,QA7,:38600,wsgc-cq,n
#rj-wcm-qa7-rk1v,n,WCM-solr,QA7,:38600/libs/granite/core/content/login.html,wsgc-tomcat-solrwcm,n
#rj-wcm-rgs1-rk1v,n,WCM-cq,RGS1,:38600,wsgc-cq,n
#rj-wcm-rgs1-rk1v,n,WCM-solr,RGS1,:38600/libs/granite/core/content/login.html,wsgc-tomcat-solrwcm,n
#rj-wcm-rgs2-rk1v,n,WCM-cq,RGS2,:38600,wsgc-cq,n
#rj-wcm-rgs2-rk1v,n,WCM-solr,RGS2,:38600/libs/granite/core/content/login.html,wsgc-tomcat-solrwcm,n
#rj-wcm-uat1-rk1v,n,WCM-cq,UAT1,:38600,wsgc-cq,n
#rj-wcm-uat1-rk1v,n,WCM-solr,UAT1,:38600/libs/granite/core/content/login.html,wsgc-tomcat-solrwcm,n
#rj-wcm-uat2-rk1v,n,WCM-cq,UAT2,:38600,wsgc-cq,n
#rj-wcm-uat2-rk1v,n,WCM-solr,UAT2,:38600/libs/granite/core/content/login.html,wsgc-tomcat-solrwcm,n
#wcmrck-vicn020,,,,,,
#wcmrck-vicn022,,,,,,
#wcmrck-vicn034,,,,,,
#we-wcm-perf-rk1v,n,WCM-cq,PERF,:38600,wsgc-cq,n
#we-wcm-perf-rk1v,n,WCM-solr,PERF,:38600/libs/granite/core/content/login.html,wsgc-tomcat-solrwcm,n
#we-wcm-rgs-rk1v,n,WCM-cq,RGS,:38600,wsgc-cq,n
#we-wcm-rgs-rk1v,n,WCM-solr,RGS,:38600/libs/granite/core/content/login.html,wsgc-tomcat-solrwcm,n
#we-wcm-rgs2-sac1v,n,WCM-cq,rgs2,:38600,wsgc-cq,n
#we-wcm-rgs2-sac1v,n,WCM-solr,rgs2,:38600/libs/granite/core/content/login.html,wsgc-tomcat-solrwcm,n
#we-wcm-rgs3-sac1v,n,WCM-cq,rgs3,:38600,wsgc-cq,n
#we-wcm-rgs3-sac1v,n,WCM-solr,rgs3,:38600/libs/granite/core/content/login.html,wsgc-tomcat-solrwcm,n
#we-wcm-uat1-rk1v,n,WCM-cq,UAT1,:38600,wsgc-cq,n
#we-wcm-uat1-rk1v,n,WCM-solr,UAT1,:38600/libs/granite/core/content/login.html,wsgc-tomcat-solrwcm,n
#we-wcm-uat2-rk1v,n,WCM-cq,UAT2,:38600,wsgc-cq,n
#we-wcm-uat2-rk1v,n,WCM-solr,UAT2,:38600/libs/granite/core/content/login.html,wsgc-tomcat-solrwcm,n
#ws-wcm-perf-rk1v,n,WCM-cq,PERF,:38600,wsgc-cq,n
#ws-wcm-perf-rk1v,n,WCM-solr,PERF,:38600/libs/granite/core/content/login.html,wsgc-tomcat-solrwcm,n
#ws-wcm-rgs-rk1v,n,WCM-cq,RGS,:38600,wsgc-cq,y
#ws-wcm-rgs-rk1v,n,WCM-solr,RGS,:38600/libs/granite/core/content/login.html,wsgc-tomcat-solrwcm,n
#ws-wcm-rgs2-sac1v,n,WCM-cq,rgs2,:38600,wsgc-cq,n
#ws-wcm-rgs2-sac1v,n,WCM-solr,rgs2,:38600/libs/granite/core/content/login.html,wsgc-tomcat-solrwcm,n
#ws-wcm-rgs3-sac1v,n,WCM-cq,rgs3,:38600,wsgc-cq,n
#ws-wcm-rgs3-sac1v,n,WCM-solr,rgs3,:38600/libs/granite/core/content/login.html,wsgc-tomcat-solrwcm,n
#ws-wcm-uat1-rk1v,n,WCM-cq,UAT1,:38600,wsgc-cq,n
#ws-wcm-uat1-rk1v,n,WCM-solr,UAT1,:38600/libs/granite/core/content/login.html,wsgc-tomcat-solrwcm,n
#ws-wcm-uat2-rk1v,n,WCM-cq,UAT2,:38600,wsgc-cq,n
#ws-wcm-uat2-rk1v,n,WCM-solr,UAT2,:38600/libs/granite/core/content/login.html,wsgc-tomcat-solrwcm,n
xc-wcm-dev1-sac1v,n,WCM-solr,DEV1,:38600/libs/granite/core/content/login.html,wsgc-tomcat-solrwcm,n
