Date, Server, Service
2023-09-19 00:10,ws-intdev29-rk1,wsgc-tomcat-frontend
2023-09-19 00:10,ws-intdev33-rk1,wsgc-tomcat-frontend
2023-09-19 00:11,ecmagent-bgb-qa2-rk1v,wsgc-tomcat-bgb
2023-09-19 00:12,invadj-qa1-rk1v,wsgc-tomcat-invadj
2023-09-19 00:59,mg-intdev29-rk1,wsgc-tomcat-frontend
2023-09-19 00:59,mg-intdev33-rk1,wsgc-tomcat-frontend
2023-09-19 01:00,pb-bpv-sac1,wsgc-tomcat-frontend
2023-09-19 01:01,pb-intdev29-rk1,wsgc-tomcat-frontend
2023-09-19 01:01,pb-intdev2-rk1,wsgc-tomcat-frontend
2023-09-19 01:14,pb-intdev33-rk1,wsgc-tomcat-frontend
2023-09-19 01:14,pb-intdev51-sac1,wsgc-tomcat-frontend
2023-09-19 01:17,pk-intdev29-rk1,wsgc-tomcat-frontend
2023-09-19 01:18,pk-intdev33-rk1,wsgc-tomcat-frontend
2023-09-19 01:20,pt-intdev29-rk1,wsgc-tomcat-frontend
2023-09-19 01:20,pt-intdev33-rk1,wsgc-tomcat-frontend
2023-09-19 01:20,pt-intdev4-rk1,wsgc-tomcat-frontend
2023-09-19 01:22,we-intdev29-rk1,wsgc-tomcat-frontend
2023-09-19 01:22,we-intdev2-rk1,wsgc-tomcat-frontend
2023-09-19 01:35,we-intdev33-rk1,wsgc-tomcat-frontend
2023-09-19 01:35,we-intdev49-sac1,wsgc-tomcat-frontend
2023-09-19 01:48,we-intdev51-sac1,wsgc-tomcat-frontend
2023-09-19 02:04,ws-intdev29-rk1,wsgc-tomcat-frontend
2023-09-19 02:04,ws-intdev33-rk1,wsgc-tomcat-frontend
2023-09-19 02:05,ecmagent-bgb-qa2-rk1v,wsgc-tomcat-bgb
2023-09-19 02:06,invadj-qa1-rk1v,wsgc-tomcat-invadj
2023-09-19 02:59,mg-intdev29-rk1,wsgc-tomcat-frontend
2023-09-19 02:59,mg-intdev33-rk1,wsgc-tomcat-frontend
2023-09-19 03:00,pb-bpv-sac1,wsgc-tomcat-frontend
2023-09-19 03:03,pb-intdev29-rk1,wsgc-tomcat-frontend
2023-09-19 03:03,pb-intdev2-rk1,wsgc-tomcat-frontend
2023-09-19 03:15,pb-intdev33-rk1,wsgc-tomcat-frontend
2023-09-19 03:16,pb-intdev51-sac1,wsgc-tomcat-frontend
2023-09-19 03:16,pb-intdev5-rk1,wsgc-tomcat-frontend
2023-09-19 03:25,pk-intdev29-rk1,wsgc-tomcat-frontend
2023-09-19 03:25,pk-intdev33-rk1,wsgc-tomcat-frontend
2023-09-19 03:28,pt-intdev29-rk1,wsgc-tomcat-frontend
2023-09-19 03:28,pt-intdev33-rk1,wsgc-tomcat-frontend
2023-09-19 03:29,pt-intdev4-rk1,wsgc-tomcat-frontend
2023-09-19 03:31,we-intdev29-rk1,wsgc-tomcat-frontend
2023-09-19 03:31,we-intdev2-rk1,wsgc-tomcat-frontend
2023-09-19 03:44,we-intdev33-rk1,wsgc-tomcat-frontend
2023-09-19 03:44,we-intdev49-sac1,wsgc-tomcat-frontend
2023-09-19 03:57,we-intdev51-sac1,wsgc-tomcat-frontend
2023-09-19 04:10,ws-intdev29-rk1,wsgc-tomcat-frontend
2023-09-19 04:11,ws-intdev33-rk1,wsgc-tomcat-frontend
2023-09-19 04:18,invadj-qa1-rk1v,wsgc-tomcat-invadj
2023-09-19 04:59,mg-intdev29-rk1,wsgc-tomcat-frontend
2023-09-19 04:59,mg-intdev33-rk1,wsgc-tomcat-frontend
2023-09-19 05:00,pb-bpv-sac1,wsgc-tomcat-frontend
2023-09-19 05:13,pb-intdev29-rk1,wsgc-tomcat-frontend
2023-09-19 05:13,pb-intdev2-rk1,wsgc-tomcat-frontend
2023-09-19 05:26,pb-intdev33-rk1,wsgc-tomcat-frontend
2023-09-19 05:28,pb-intdev51-sac1,wsgc-tomcat-frontend
2023-09-19 05:31,pk-intdev29-rk1,wsgc-tomcat-frontend
2023-09-19 05:32,pk-intdev33-rk1,wsgc-tomcat-frontend
2023-09-19 05:34,pt-intdev29-rk1,wsgc-tomcat-frontend
2023-09-19 05:34,pt-intdev33-rk1,wsgc-tomcat-frontend
2023-09-19 05:34,pt-intdev4-rk1,wsgc-tomcat-frontend
2023-09-19 05:36,we-intdev29-rk1,wsgc-tomcat-frontend
2023-09-19 05:36,we-intdev2-rk1,wsgc-tomcat-frontend
2023-09-19 05:49,we-intdev33-rk1,wsgc-tomcat-frontend
2023-09-19 05:51,we-intdev49-sac1,wsgc-tomcat-frontend
2023-09-19 06:03,we-intdev51-sac1,wsgc-tomcat-frontend
2023-09-19 06:17,ws-intdev29-rk1,wsgc-tomcat-frontend
2023-09-19 06:17,ws-intdev33-rk1,wsgc-tomcat-frontend
2023-09-19 06:18,ecmagent-bgb-qa2-rk1v,wsgc-tomcat-bgb
2023-09-19 06:18,invadj-qa1-rk1v,wsgc-tomcat-invadj
2023-09-19 06:59,mg-intdev29-rk1,wsgc-tomcat-frontend
2023-09-19 06:59,mg-intdev33-rk1,wsgc-tomcat-frontend
2023-09-19 07:00,pb-bpv-sac1,wsgc-tomcat-frontend
2023-09-19 07:02,pb-intdev29-rk1,wsgc-tomcat-frontend
2023-09-19 07:02,pb-intdev2-rk1,wsgc-tomcat-frontend
2023-09-19 07:14,pb-intdev33-rk1,wsgc-tomcat-frontend
2023-09-19 07:15,pb-intdev51-sac1,wsgc-tomcat-frontend
2023-09-19 07:16,pk-intdev29-rk1,wsgc-tomcat-frontend
2023-09-19 07:17,pk-intdev33-rk1,wsgc-tomcat-frontend
2023-09-19 07:19,pt-intdev29-rk1,wsgc-tomcat-frontend
2023-09-19 07:19,pt-intdev33-rk1,wsgc-tomcat-frontend
2023-09-19 07:19,pt-intdev4-rk1,wsgc-tomcat-frontend
2023-09-19 07:21,we-intdev29-rk1,wsgc-tomcat-frontend
2023-09-19 07:21,we-intdev2-rk1,wsgc-tomcat-frontend
2023-09-19 07:34,we-intdev33-rk1,wsgc-tomcat-frontend
2023-09-19 07:34,we-intdev49-sac1,wsgc-tomcat-frontend
2023-09-19 07:47,we-intdev51-sac1,wsgc-tomcat-frontend
2023-09-19 08:00,ws-intdev29-rk1,wsgc-tomcat-frontend
2023-09-19 08:01,ws-intdev33-rk1,wsgc-tomcat-frontend
2023-09-19 08:02,ecmagent-bgb-qa2-rk1v,wsgc-tomcat-bgb
2023-09-19 08:02,invadj-qa1-rk1v,wsgc-tomcat-invadj
2023-09-19 08:59,mg-intdev29-rk1,wsgc-tomcat-frontend
2023-09-19 09:00,mg-uat7-rk1v,wsgc-tomcat-frontend
2023-09-19 09:00,pb-bpv-sac1,wsgc-tomcat-frontend
2023-09-19 09:01,pb-intdev28-rk1,wsgc-tomcat-frontend
2023-09-19 09:11,pb-intdev29-rk1,wsgc-tomcat-frontend
2023-09-19 09:11,pb-intdev2-rk1,wsgc-tomcat-frontend
2023-09-19 09:26,pb-intdev51-sac1,wsgc-tomcat-frontend
2023-09-19 09:27,pk-intdev29-rk1,wsgc-tomcat-frontend
2023-09-19 09:29,pk-intdev56-rk1v,wsgc-tomcat-frontend
2023-09-19 09:30,pk-uat7-rk1v,wsgc-tomcat-frontend
2023-09-19 09:30,pt-intdev29-rk1,wsgc-tomcat-frontend
2023-09-19 09:31,pt-intdev4-rk1,wsgc-tomcat-frontend
2023-09-19 09:31,pt-intdev56-rk1v,wsgc-tomcat-frontend
2023-09-19 09:32,pt-uat7-rk1v,wsgc-tomcat-frontend
2023-09-19 09:33,rj-qa56-rk1v,wsgc-tomcat-frontend
2023-09-19 09:34,we-intdev29-rk1,wsgc-tomcat-frontend
2023-09-19 09:34,we-intdev2-rk1,wsgc-tomcat-frontend
2023-09-19 09:47,we-intdev49-sac1,wsgc-tomcat-frontend
2023-09-19 10:00,we-intdev51-sac1,wsgc-tomcat-frontend
2023-09-19 10:13,we-intdev56-rk1v,wsgc-tomcat-frontend
2023-09-19 10:14,ws-intdev29-rk1,wsgc-tomcat-frontend
2023-09-19 10:15,ws-intdev56-rk1v,wsgc-tomcat-frontend
2023-09-19 10:15,ecmagent-bgb-qa2-rk1v,wsgc-tomcat-bgb
2023-09-19 10:16,invadj-qa1-rk1v,wsgc-tomcat-invadj
2023-09-19 10:59,mg-intdev29-rk1,wsgc-tomcat-frontend
2023-09-19 11:00,mg-uat7-rk1v,wsgc-tomcat-frontend
2023-09-19 11:00,pb-bpv-sac1,wsgc-tomcat-frontend
2023-09-19 11:02,pb-intdev29-rk1,wsgc-tomcat-frontend
2023-09-19 11:02,pb-intdev2-rk1,wsgc-tomcat-frontend
2023-09-19 11:15,pb-intdev51-sac1,wsgc-tomcat-frontend
2023-09-19 11:15,pb-intdev56-rk1v,wsgc-tomcat-frontend
2023-09-19 11:17,pk-intdev29-rk1,wsgc-tomcat-frontend
2023-09-19 11:18,pk-intdev56-rk1v,wsgc-tomcat-frontend
2023-09-19 11:19,pk-uat7-rk1v,wsgc-tomcat-frontend
2023-09-19 11:19,pt-intdev29-rk1,wsgc-tomcat-frontend
2023-09-19 11:20,pt-intdev4-rk1,wsgc-tomcat-frontend
2023-09-19 11:20,pt-intdev56-rk1v,wsgc-tomcat-frontend
2023-09-19 11:20,pt-uat7-rk1v,wsgc-tomcat-frontend
2023-09-19 11:21,rj-qa56-rk1v,wsgc-tomcat-frontend
2023-09-19 11:22,we-intdev29-rk1,wsgc-tomcat-frontend
2023-09-19 11:22,we-intdev2-rk1,wsgc-tomcat-frontend
2023-09-19 11:36,we-intdev49-sac1,wsgc-tomcat-frontend
2023-09-19 11:48,we-intdev51-sac1,wsgc-tomcat-frontend
2023-09-19 12:01,we-intdev56-rk1v,wsgc-tomcat-frontend
2023-09-19 12:01,we-rgs2-rk1v,wsgc-tomcat-frontend
2023-09-19 12:02,ws-intdev29-rk1,wsgc-tomcat-frontend
2023-09-19 12:03,ws-intdev56-rk1v,wsgc-tomcat-frontend
2023-09-19 12:03,ecmagent-bgb-qa2-rk1v,wsgc-tomcat-bgb
2023-09-19 12:04,invadj-qa1-rk1v,wsgc-tomcat-invadj
2023-09-19 12:59,mg-intdev29-rk1,wsgc-tomcat-frontend
2023-09-19 13:00,mg-uat7-rk1v,wsgc-tomcat-frontend
2023-09-19 13:00,pb-bpv-sac1,wsgc-tomcat-frontend
2023-09-19 13:03,pb-intdev29-rk1,wsgc-tomcat-frontend
2023-09-19 13:06,pb-intdev51-sac1,wsgc-tomcat-frontend
2023-09-19 13:06,pb-intdev56-rk1v,wsgc-tomcat-frontend
2023-09-19 13:07,pk-intdev29-rk1,wsgc-tomcat-frontend
2023-09-19 13:08,pk-intdev56-rk1v,wsgc-tomcat-frontend
2023-09-19 13:09,pk-uat7-rk1v,wsgc-tomcat-frontend
2023-09-19 13:09,pt-intdev29-rk1,wsgc-tomcat-frontend
2023-09-19 13:10,pt-intdev4-rk1,wsgc-tomcat-frontend
2023-09-19 13:10,pt-intdev56-rk1v,wsgc-tomcat-frontend
2023-09-19 13:11,pt-uat7-rk1v,wsgc-tomcat-frontend
2023-09-19 13:11,rj-qa56-rk1v,wsgc-tomcat-frontend
2023-09-19 13:13,we-intdev29-rk1,wsgc-tomcat-frontend
2023-09-19 13:13,we-intdev49-sac1,wsgc-tomcat-frontend
2023-09-19 13:26,we-intdev51-sac1,wsgc-tomcat-frontend
2023-09-19 13:38,we-intdev56-rk1v,wsgc-tomcat-frontend
2023-09-19 13:39,we-rgs2-rk1v,wsgc-tomcat-frontend
2023-09-19 13:46,ws-intdev29-rk1,wsgc-tomcat-frontend
2023-09-19 13:48,ws-intdev56-rk1v,wsgc-tomcat-frontend
2023-09-19 13:48,ecmagent-bgb-qa2-rk1v,wsgc-tomcat-bgb
2023-09-19 13:49,invadj-qa1-rk1v,wsgc-tomcat-invadj
2023-09-19 14:59,corp-qa1-rk1v,wsgc-tomcat-corp
2023-09-19 15:13,mg-intdev29-rk1,wsgc-tomcat-frontend
2023-09-19 15:14,pb-bpv-sac1,wsgc-tomcat-frontend
2023-09-19 15:36,pb-intdev29-rk1,wsgc-tomcat-frontend
2023-09-19 15:38,pb-intdev51-sac1,wsgc-tomcat-frontend
2023-09-19 15:39,pb-intdev56-rk1v,wsgc-tomcat-frontend
2023-09-19 15:40,pk-intdev29-rk1,wsgc-tomcat-frontend
2023-09-19 15:42,pk-intdev56-rk1v,wsgc-tomcat-frontend
2023-09-19 15:43,pt-intdev29-rk1,wsgc-tomcat-frontend
2023-09-19 15:43,pt-intdev4-rk1,wsgc-tomcat-frontend
2023-09-19 15:44,pt-intdev56-rk1v,wsgc-tomcat-frontend
2023-09-19 15:44,pt-uat7-rk1v,wsgc-tomcat-frontend
2023-09-19 15:44,rj-qa56-rk1v,wsgc-tomcat-frontend
2023-09-19 15:47,we-intdev28-rk1,wsgc-tomcat-frontend
2023-09-19 15:53,we-intdev29-rk1,wsgc-tomcat-frontend
2023-09-19 15:54,we-intdev37-rk1,wsgc-tomcat-frontend
2023-09-19 16:01,we-intdev49-sac1,wsgc-tomcat-frontend
2023-09-19 16:14,we-intdev51-sac1,wsgc-tomcat-frontend
2023-09-19 16:26,we-intdev56-rk1v,wsgc-tomcat-frontend
2023-09-19 16:27,ws-intdev18-rk1,wsgc-tomcat-frontend
2023-09-19 16:38,ws-intdev29-rk1,wsgc-tomcat-frontend
2023-09-19 16:39,ws-intdev56-rk1v,wsgc-tomcat-frontend
2023-09-19 16:39,ecmagent-bgb-qa2-rk1v,wsgc-tomcat-bgb
2023-09-19 16:40,invadj-qa1-rk1v,wsgc-tomcat-invadj
2023-09-19 16:59,mg-intdev29-rk1,wsgc-tomcat-frontend
2023-09-19 17:01,pb-bpv-sac1,wsgc-tomcat-frontend
2023-09-19 17:06,pb-intdev29-rk1,wsgc-tomcat-frontend
2023-09-19 17:06,pb-intdev2-rk1,wsgc-tomcat-frontend
2023-09-19 17:20,pb-intdev50-sac1,wsgc-tomcat-frontend
2023-09-19 17:30,pb-intdev51-sac1,wsgc-tomcat-frontend
2023-09-19 17:30,pb-intdev56-rk1v,wsgc-tomcat-frontend
2023-09-19 17:32,pk-intdev29-rk1,wsgc-tomcat-frontend
2023-09-19 17:33,pk-intdev56-rk1v,wsgc-tomcat-frontend
2023-09-19 17:34,pt-intdev29-rk1,wsgc-tomcat-frontend
2023-09-19 17:35,pt-intdev4-rk1,wsgc-tomcat-frontend
2023-09-19 17:35,pt-intdev56-rk1v,wsgc-tomcat-frontend
2023-09-19 17:35,pt-uat7-rk1v,wsgc-tomcat-frontend
2023-09-19 17:35,rj-qa56-rk1v,wsgc-tomcat-frontend
2023-09-19 17:37,we-intdev29-rk1,wsgc-tomcat-frontend
2023-09-19 17:38,we-intdev49-sac1,wsgc-tomcat-frontend
2023-09-19 17:50,we-intdev51-sac1,wsgc-tomcat-frontend
2023-09-19 18:03,we-intdev56-rk1v,wsgc-tomcat-frontend
2023-09-19 18:04,ws-intdev29-rk1,wsgc-tomcat-frontend
2023-09-19 18:05,ws-intdev56-rk1v,wsgc-tomcat-frontend
2023-09-19 18:05,ecmagent-bgb-qa2-rk1v,wsgc-tomcat-bgb
2023-09-19 18:06,invadj-qa1-rk1v,wsgc-tomcat-invadj
2023-09-19 18:59,mg-intdev29-rk1,wsgc-tomcat-frontend
2023-09-19 19:00,pb-bpv-sac1,wsgc-tomcat-frontend
2023-09-19 19:03,pb-intdev29-rk1,wsgc-tomcat-frontend
2023-09-19 19:16,pb-intdev51-sac1,wsgc-tomcat-frontend
2023-09-19 19:16,pb-intdev56-rk1v,wsgc-tomcat-frontend
2023-09-19 19:18,pk-intdev29-rk1,wsgc-tomcat-frontend
2023-09-19 19:19,pk-intdev56-rk1v,wsgc-tomcat-frontend
2023-09-19 19:20,pt-intdev29-rk1,wsgc-tomcat-frontend
2023-09-19 19:21,pt-intdev4-rk1,wsgc-tomcat-frontend
2023-09-19 19:21,pt-intdev56-rk1v,wsgc-tomcat-frontend
2023-09-19 19:21,pt-uat7-rk1v,wsgc-tomcat-frontend
2023-09-19 19:22,rj-qa56-rk1v,wsgc-tomcat-frontend
2023-09-19 19:24,we-intdev29-rk1,wsgc-tomcat-frontend
2023-09-19 19:24,we-intdev49-sac1,wsgc-tomcat-frontend
2023-09-19 19:37,we-intdev51-sac1,wsgc-tomcat-frontend
2023-09-19 19:49,we-intdev56-rk1v,wsgc-tomcat-frontend
2023-09-19 19:51,ws-intdev29-rk1,wsgc-tomcat-frontend
2023-09-19 19:55,ws-intdev56-rk1v,wsgc-tomcat-frontend
2023-09-19 19:56,ecmagent-bgb-qa2-rk1v,wsgc-tomcat-bgb
2023-09-19 19:56,invadj-qa1-rk1v,wsgc-tomcat-invadj
2023-09-19 20:59,mg-intdev29-rk1,wsgc-tomcat-frontend
2023-09-19 21:00,pb-bpv-sac1,wsgc-tomcat-frontend
2023-09-19 21:01,pb-intdev29-rk1,wsgc-tomcat-frontend
2023-09-19 21:01,pb-intdev33-rk1,wsgc-tomcat-frontend
2023-09-19 21:08,pb-intdev51-sac1,wsgc-tomcat-frontend
2023-09-19 21:09,pb-intdev56-rk1v,wsgc-tomcat-frontend
2023-09-19 21:10,pk-intdev29-rk1,wsgc-tomcat-frontend
2023-09-19 21:11,pk-intdev56-rk1v,wsgc-tomcat-frontend
2023-09-19 21:12,pt-intdev29-rk1,wsgc-tomcat-frontend
2023-09-19 21:13,pt-intdev4-rk1,wsgc-tomcat-frontend
2023-09-19 21:13,pt-intdev56-rk1v,wsgc-tomcat-frontend
2023-09-19 21:13,pt-uat7-rk1v,wsgc-tomcat-frontend
2023-09-19 21:14,rj-qa56-rk1v,wsgc-tomcat-frontend
2023-09-19 21:15,we-intdev29-rk1,wsgc-tomcat-frontend
2023-09-19 21:16,we-intdev49-sac1,wsgc-tomcat-frontend
2023-09-19 21:25,we-intdev51-sac1,wsgc-tomcat-frontend
2023-09-19 21:38,we-intdev56-rk1v,wsgc-tomcat-frontend
2023-09-19 21:39,ws-intdev29-rk1,wsgc-tomcat-frontend
2023-09-19 21:40,ws-intdev56-rk1v,wsgc-tomcat-frontend
2023-09-19 21:40,ws-uat1-rk1,wsgc-tomcat-frontend
2023-09-19 21:40,ecmagent-bgb-qa2-rk1v,wsgc-tomcat-bgb
2023-09-19 21:41,invadj-qa1-rk1v,wsgc-tomcat-invadj
2023-09-19 22:59,mg-intdev29-rk1,wsgc-tomcat-frontend
2023-09-19 23:00,pb-bpv-sac1,wsgc-tomcat-frontend
2023-09-19 23:01,pb-intdev29-rk1,wsgc-tomcat-frontend
2023-09-19 23:02,pb-intdev51-sac1,wsgc-tomcat-frontend
2023-09-19 23:02,pb-intdev56-rk1v,wsgc-tomcat-frontend
2023-09-19 23:04,pk-intdev29-rk1,wsgc-tomcat-frontend
2023-09-19 23:05,pk-intdev56-rk1v,wsgc-tomcat-frontend
2023-09-19 23:06,pt-intdev29-rk1,wsgc-tomcat-frontend
2023-09-19 23:06,pt-intdev4-rk1,wsgc-tomcat-frontend
2023-09-19 23:07,pt-intdev56-rk1v,wsgc-tomcat-frontend
2023-09-19 23:07,pt-uat7-rk1v,wsgc-tomcat-frontend
2023-09-19 23:08,rj-qa56-rk1v,wsgc-tomcat-frontend
2023-09-19 23:09,we-intdev29-rk1,wsgc-tomcat-frontend
2023-09-19 23:10,we-intdev49-sac1,wsgc-tomcat-frontend
2023-09-19 23:22,we-intdev51-sac1,wsgc-tomcat-frontend
2023-09-19 23:35,we-intdev56-rk1v,wsgc-tomcat-frontend
2023-09-19 23:35,we-uat1-rk1,wsgc-tomcat-frontend
2023-09-19 23:37,ws-intdev29-rk1,wsgc-tomcat-frontend
2023-09-19 23:38,ws-intdev56-rk1v,wsgc-tomcat-frontend
2023-09-19 23:38,ws-uat1-rk1,wsgc-tomcat-frontend
2023-09-19 23:39,ecmagent-bgb-qa2-rk1v,wsgc-tomcat-bgb
2023-09-19 23:39,invadj-qa1-rk1v,wsgc-tomcat-invadj
2023-09-20 00:59,mg-intdev29-rk1,wsgc-tomcat-frontend
2023-09-20 01:00,pb-bpv-sac1,wsgc-tomcat-frontend
2023-09-20 01:01,pb-intdev29-rk1,wsgc-tomcat-frontend
2023-09-20 01:01,pb-intdev2-rk1,wsgc-tomcat-frontend
2023-09-20 01:10,pb-intdev51-sac1,wsgc-tomcat-frontend
2023-09-20 01:10,pb-intdev56-rk1v,wsgc-tomcat-frontend
2023-09-20 01:11,pk-intdev29-rk1,wsgc-tomcat-frontend
2023-09-20 01:13,pk-intdev56-rk1v,wsgc-tomcat-frontend
2023-09-20 01:14,pt-intdev29-rk1,wsgc-tomcat-frontend
2023-09-20 01:14,pt-intdev4-rk1,wsgc-tomcat-frontend
2023-09-20 01:14,pt-intdev56-rk1v,wsgc-tomcat-frontend
2023-09-20 01:15,pt-uat7-rk1v,wsgc-tomcat-frontend
2023-09-20 01:15,rj-qa56-rk1v,wsgc-tomcat-frontend
2023-09-20 01:18,we-intdev29-rk1,wsgc-tomcat-frontend
2023-09-20 01:19,we-intdev49-sac1,wsgc-tomcat-frontend
2023-09-20 01:31,we-intdev51-sac1,wsgc-tomcat-frontend
2023-09-20 01:44,we-intdev56-rk1v,wsgc-tomcat-frontend
2023-09-20 01:44,we-uat1-rk1,wsgc-tomcat-frontend
2023-09-20 01:45,ws-intdev29-rk1,wsgc-tomcat-frontend
2023-09-20 01:46,ws-intdev56-rk1v,wsgc-tomcat-frontend
2023-09-20 01:46,ws-uat1-rk1,wsgc-tomcat-frontend
2023-09-20 01:46,ecmagent-bgb-qa2-rk1v,wsgc-tomcat-bgb
2023-09-20 01:47,invadj-qa1-rk1v,wsgc-tomcat-invadj
2023-09-20 02:59,mg-intdev29-rk1,wsgc-tomcat-frontend
2023-09-20 03:06,pb-intdev28-rk1,wsgc-tomcat-frontend
2023-09-20 03:13,pb-intdev29-rk1,wsgc-tomcat-frontend
2023-09-20 03:14,pb-intdev51-sac1,wsgc-tomcat-frontend
2023-09-20 03:14,pb-intdev56-rk1v,wsgc-tomcat-frontend
2023-09-20 03:14,pb-intdev5-rk1,wsgc-tomcat-frontend
2023-09-20 03:25,pk-cauat3-rk1v,wsgc-tomcat-frontend
2023-09-20 03:27,pk-intdev29-rk1,wsgc-tomcat-frontend
2023-09-20 03:29,pk-intdev56-rk1v,wsgc-tomcat-frontend
2023-09-20 03:31,pt-intdev29-rk1,wsgc-tomcat-frontend
2023-09-20 03:32,pt-intdev4-rk1,wsgc-tomcat-frontend
2023-09-20 03:32,pt-intdev56-rk1v,wsgc-tomcat-frontend
2023-09-20 03:32,pt-uat7-rk1v,wsgc-tomcat-frontend
2023-09-20 03:33,rj-qa56-rk1v,wsgc-tomcat-frontend
2023-09-20 03:35,we-intdev29-rk1,wsgc-tomcat-frontend
2023-09-20 03:40,we-intdev49-sac1,wsgc-tomcat-frontend
2023-09-20 03:52,we-intdev51-sac1,wsgc-tomcat-frontend
2023-09-20 04:05,we-intdev56-rk1v,wsgc-tomcat-frontend
2023-09-20 04:06,ws-intdev29-rk1,wsgc-tomcat-frontend
2023-09-20 04:07,ws-intdev56-rk1v,wsgc-tomcat-frontend
2023-09-20 04:08,ecmagent-bgb-qa2-rk1v,wsgc-tomcat-bgb
2023-09-20 04:08,invadj-qa1-rk1v,wsgc-tomcat-invadj
2023-09-20 04:59,mg-intdev29-rk1,wsgc-tomcat-frontend
2023-09-20 05:00,pb-bpv-sac1,wsgc-tomcat-frontend
2023-09-20 05:01,pb-intdev28-rk1,wsgc-tomcat-frontend
2023-09-20 05:08,pb-intdev29-rk1,wsgc-tomcat-frontend
2023-09-20 05:08,pb-intdev2-rk1,wsgc-tomcat-frontend
2023-09-20 05:20,pb-intdev51-sac1,wsgc-tomcat-frontend
2023-09-20 05:21,pb-intdev56-rk1v,wsgc-tomcat-frontend
2023-09-20 05:22,pk-cauat3-rk1v,wsgc-tomcat-frontend
2023-09-20 05:23,pk-intdev29-rk1,wsgc-tomcat-frontend
2023-09-20 05:26,pk-intdev56-rk1v,wsgc-tomcat-frontend
2023-09-20 05:27,pt-intdev29-rk1,wsgc-tomcat-frontend
2023-09-20 05:28,pt-intdev4-rk1,wsgc-tomcat-frontend
2023-09-20 05:28,pt-intdev56-rk1v,wsgc-tomcat-frontend
2023-09-20 05:29,pt-uat7-rk1v,wsgc-tomcat-frontend
2023-09-20 05:29,rj-qa56-rk1v,wsgc-tomcat-frontend
2023-09-20 05:31,we-intdev29-rk1,wsgc-tomcat-frontend
2023-09-20 05:32,we-intdev49-sac1,wsgc-tomcat-frontend
2023-09-20 05:44,we-intdev51-sac1,wsgc-tomcat-frontend
2023-09-20 05:57,we-intdev56-rk1v,wsgc-tomcat-frontend
2023-09-20 06:01,ws-intdev29-rk1,wsgc-tomcat-frontend
2023-09-20 06:05,ws-intdev56-rk1v,wsgc-tomcat-frontend
2023-09-20 06:05,ecmagent-bgb-qa2-rk1v,wsgc-tomcat-bgb
2023-09-20 06:06,invadj-qa1-rk1v,wsgc-tomcat-invadj
2023-09-20 06:59,mg-intdev29-rk1,wsgc-tomcat-frontend
2023-09-20 07:00,mg-intdev56-rk1v,wsgc-tomcat-frontend
2023-09-20 07:00,pb-bpv-sac1,wsgc-tomcat-frontend
2023-09-20 07:01,pb-intdev29-rk1,wsgc-tomcat-frontend
2023-09-20 07:02,pb-intdev51-sac1,wsgc-tomcat-frontend
2023-09-20 07:02,pb-intdev56-rk1v,wsgc-tomcat-frontend
2023-09-20 07:02,pk-cauat3-rk1v,wsgc-tomcat-frontend
2023-09-20 07:03,pk-intdev29-rk1,wsgc-tomcat-frontend
2023-09-20 07:04,pk-intdev56-rk1v,wsgc-tomcat-frontend
2023-09-20 07:05,pt-intdev29-rk1,wsgc-tomcat-frontend
2023-09-20 07:06,pt-intdev4-rk1,wsgc-tomcat-frontend
2023-09-20 07:06,pt-intdev56-rk1v,wsgc-tomcat-frontend
2023-09-20 07:06,pt-uat7-rk1v,wsgc-tomcat-frontend
2023-09-20 07:07,rj-qa56-rk1v,wsgc-tomcat-frontend
2023-09-20 07:08,we-intdev29-rk1,wsgc-tomcat-frontend
2023-09-20 07:09,we-intdev49-sac1,wsgc-tomcat-frontend
2023-09-20 07:21,we-intdev51-sac1,wsgc-tomcat-frontend
2023-09-20 07:34,we-intdev56-rk1v,wsgc-tomcat-frontend
2023-09-20 07:36,ws-intdev29-rk1,wsgc-tomcat-frontend
2023-09-20 07:40,ws-intdev56-rk1v,wsgc-tomcat-frontend
2023-09-20 07:40,ecmagent-bgb-qa2-rk1v,wsgc-tomcat-bgb
2023-09-20 07:40,invadj-qa1-rk1v,wsgc-tomcat-invadj
2023-09-20 08:59,mg-intdev29-rk1,wsgc-tomcat-frontend
2023-09-20 09:00,mg-intdev56-rk1v,wsgc-tomcat-frontend
2023-09-20 09:00,pb-bpv-sac1,wsgc-tomcat-frontend
2023-09-20 09:04,pb-intdev29-rk1,wsgc-tomcat-frontend
2023-09-20 09:05,pb-intdev51-sac1,wsgc-tomcat-frontend
2023-09-20 09:05,pb-intdev56-rk1v,wsgc-tomcat-frontend
2023-09-20 09:06,pk-intdev29-rk1,wsgc-tomcat-frontend
2023-09-20 09:08,pt-intdev29-rk1,wsgc-tomcat-frontend
2023-09-20 09:09,pt-intdev4-rk1,wsgc-tomcat-frontend
2023-09-20 09:09,pt-intdev56-rk1v,wsgc-tomcat-frontend
2023-09-20 09:10,pt-uat7-rk1v,wsgc-tomcat-frontend
2023-09-20 09:12,we-intdev29-rk1,wsgc-tomcat-frontend
2023-09-20 09:12,we-intdev49-sac1,wsgc-tomcat-frontend
2023-09-20 09:25,we-intdev51-sac1,wsgc-tomcat-frontend
2023-09-20 09:38,ws-intdev29-rk1,wsgc-tomcat-frontend
2023-09-20 09:40,ecmagent-bgb-qa2-rk1v,wsgc-tomcat-bgb
2023-09-20 09:40,invadj-qa1-rk1v,wsgc-tomcat-invadj
2023-09-20 10:59,mg-intdev29-rk1,wsgc-tomcat-frontend
2023-09-20 11:00,mg-intdev56-rk1v,wsgc-tomcat-frontend
2023-09-20 11:00,pb-bpv-sac1,wsgc-tomcat-frontend
2023-09-20 11:01,pb-intdev29-rk1,wsgc-tomcat-frontend
2023-09-20 11:01,pb-intdev2-rk1,wsgc-tomcat-frontend
2023-09-20 11:13,pb-intdev51-sac1,wsgc-tomcat-frontend
2023-09-20 11:13,pb-intdev56-rk1v,wsgc-tomcat-frontend
2023-09-20 11:14,pk-intdev29-rk1,wsgc-tomcat-frontend
2023-09-20 11:16,pt-intdev29-rk1,wsgc-tomcat-frontend
2023-09-20 11:17,pt-intdev4-rk1,wsgc-tomcat-frontend
2023-09-20 11:17,pt-intdev56-rk1v,wsgc-tomcat-frontend
2023-09-20 11:18,pt-uat7-rk1v,wsgc-tomcat-frontend
2023-09-20 11:19,we-intdev29-rk1,wsgc-tomcat-frontend
2023-09-20 11:20,we-intdev49-sac1,wsgc-tomcat-frontend
2023-09-20 11:32,we-intdev51-sac1,wsgc-tomcat-frontend
2023-09-20 11:46,ws-intdev29-rk1,wsgc-tomcat-frontend
2023-09-20 11:47,ecmagent-bgb-qa2-rk1v,wsgc-tomcat-bgb
2023-09-20 11:48,invadj-qa1-rk1v,wsgc-tomcat-invadj
2023-09-20 12:59,mg-intdev29-rk1,wsgc-tomcat-frontend
2023-09-20 13:00,pb-bpv-sac1,wsgc-tomcat-frontend
2023-09-20 13:01,pb-intdev29-rk1,wsgc-tomcat-frontend
2023-09-20 13:02,pb-intdev2-rk1,wsgc-tomcat-frontend
2023-09-20 13:09,pb-intdev51-sac1,wsgc-tomcat-frontend
2023-09-20 13:09,pb-intdev56-rk1v,wsgc-tomcat-frontend
2023-09-20 13:10,pk-intdev29-rk1,wsgc-tomcat-frontend
2023-09-20 13:13,pt-intdev29-rk1,wsgc-tomcat-frontend
2023-09-20 13:13,pt-intdev4-rk1,wsgc-tomcat-frontend
2023-09-20 13:13,pt-intdev56-rk1v,wsgc-tomcat-frontend
2023-09-20 13:14,pt-uat7-rk1v,wsgc-tomcat-frontend
2023-09-20 13:16,we-intdev29-rk1,wsgc-tomcat-frontend
2023-09-20 13:16,we-intdev49-sac1,wsgc-tomcat-frontend
2023-09-20 13:29,we-intdev51-sac1,wsgc-tomcat-frontend
2023-09-20 13:46,ws-intdev29-rk1,wsgc-tomcat-frontend
2023-09-20 13:49,ecmagent-bgb-qa2-rk1v,wsgc-tomcat-bgb
2023-09-20 13:49,invadj-qa1-rk1v,wsgc-tomcat-invadj
