# Date, Service, Ticket, Problem
2022-12-03 18:31,aemsac-vicn001,SCNS-11250,wsgc-cq-primary not available
2022-12-03 18:31,ecmagent-bgb-qa2-rk1v,SCNS-11251,wsgc-tomcat-bgb not available
2022-12-03 18:31,pb-wcm-qa2-rk1v,SCNS-11252,wsgc-tomcat-solrwcm not available
2023-02-13 01:59,pk-wcm-uat2-rk1v,SCNS-12586,Certificate for pk-wcm-uat2-rk1v expires in 45 days (2023-03-31)
2023-07-12 08:18,ws-xcprf-rk8v,MEAD-40129,Certificate for ws-xcprf-rk8v expires in 19 days (2023-07-31)
2023-07-12 08:19,sccext-dev-rk1v,MEAD-40131,Certificate for sccext-dev-rk1v expires in -513 days (2022-02-13)
2023-07-12 08:19,sccext-qa2-rk1v,MEAD-40132,Certificate for sccext-qa2-rk1v expires in -513 days (2022-02-13)
2023-07-12 08:20,sccext-qa3-rk1v,MEAD-40133,Certificate for sccext-qa3-rk1v expires in -513 days (2022-02-13)
2023-07-12 08:20,sccext-qa5-rk1v,MEAD-40134,Certificate for sccext-qa5-rk1v expires in -513 days (2022-02-13)
2023-07-12 08:20,sccint-qa2-rk1v,MEAD-40135,Certificate for sccint-qa2-rk1v expires in -1291 days (2019-12-28)
2023-07-12 08:20,sccint-qa3-rk1v,MEAD-40136,Certificate for sccint-qa3-rk1v expires in -1291 days (2019-12-28)
2023-07-12 08:20,sccint-qa5-rk1v,MEAD-40137,Certificate for sccint-qa5-rk1v expires in -1291 days (2019-12-28)
2023-07-12 08:35,bgb-uat2-rk1v,MEAD-40139,wsgc-tomcat-bgb not available
2023-07-12 08:35,buildsystem-uat2-rk1v,MEAD-40140,wsgc-tomcat-buildsystem not available
2023-07-12 08:35,invadj-qa1-rk1v,MEAD-40141,wsgc-tomcat-invadj not available
2023-07-12 08:35,invadj-qa2-rk1v,MEAD-40142,wsgc-tomcat-invadj not available
2023-07-12 08:35,loyalty-dev1-rk1v,MEAD-40143,wsgc-tomcat-loyalty-batch not available
2023-07-12 08:35,mg-int2-rk1v,MEAD-40145,wsgc-tomcat-frontend not available
2023-07-12 08:35,pb-int2-rk1v,MEAD-40148,wsgc-tomcat-frontend not available
2023-07-12 08:35,pk-int2-rk1v,MEAD-40151,wsgc-tomcat-frontend not available
2023-07-12 08:35,pt-int2-rk1v,MEAD-40155,wsgc-tomcat-frontend not available
2023-07-12 08:35,pt-intdev4-rk1,MEAD-40158,wsgc-tomcat-frontend not available
2023-07-12 08:35,we-int2-rk1v,MEAD-40160,wsgc-tomcat-frontend not available
2023-07-12 08:35,ws-int2-rk1v,MEAD-40163,wsgc-tomcat-frontend not available
2023-07-14 01:20,xcarck-vdcn003,MEAD-40217,Certificate for xcarck-vdcn003 expires in 30 days (2023-08-13)
2023-07-14 20:46,gr-wcm-uat1-rk1v,SCNS-15307,wsgc-tomcat-solrwcm not available
2023-07-14 20:46,rj-wcm-qa5-rk1v,SCNS-15308,wsgc-tomcat-solrwcm not available
2023-07-14 21:53,rj-wcm-uat2-rk1v,SCNS-15312,wsgc-tomcat-solrwcm not available
2023-07-14 22:51,mg-wcm-rgs3-sac1v,SCNS-15315,wsgc-tomcat-solrwcm not available
2023-07-14 22:51,mg-wcm-rgs-rk1v,SCNS-15316,wsgc-tomcat-solrwcm not available
2023-07-14 22:51,pk-wcm-uat1-rk1v,SCNS-15324,wsgc-tomcat-solrwcm not available
2023-07-14 22:51,pt-wcm-rgs3-sac1v,SCNS-15326,wsgc-tomcat-solrwcm not available
2023-07-14 22:51,pt-wcm-uat1-rk1v,SCNS-15327,wsgc-tomcat-solrwcm not available
2023-07-14 22:51,ws-wcm-uat1-rk1v,SCNS-15331,wsgc-tomcat-solrwcm not available
2023-07-17 21:40,we-intdev23-rk1,MEAD-40373,wsgc-tomcat-frontend not available
2023-07-17 21:40,ws-intdev23-rk1,MEAD-40374,wsgc-tomcat-frontend not available
2023-07-18 05:47,mg-intdev23-rk1,MEAD-40419,wsgc-tomcat-frontend not available
2023-07-18 05:47,pb-intdev23-rk1,MEAD-40420,wsgc-tomcat-frontend not available
2023-07-18 05:47,pk-intdev23-rk1,MEAD-40421,wsgc-tomcat-frontend not available
2023-07-18 05:47,pk-wcm-perf-rk1v,SCNS-15376,wsgc-tomcat-solrwcm not available
2023-07-18 05:47,pt-intdev23-rk1,MEAD-40422,wsgc-tomcat-frontend not available
2023-07-18 05:47,rj-wcm-qa1-sac1v,SCNS-15377,wsgc-tomcat-solrwcm not available
2023-07-18 05:47,rj-wcm-qa7-rk1v,SCNS-15378,wsgc-tomcat-solrwcm not available
2023-07-18 05:47,we-wcm-perf-rk1v,SCNS-15379,wsgc-tomcat-solrwcm not available
2023-07-18 05:47,ws-wcm-perf-rk1v,SCNS-15380,wsgc-tomcat-solrwcm not available
2023-07-19 03:36,sccint-dev-rk1v,MEAD-40466,wsgc-tomcat-sccint not available
2023-07-20 11:19,we-wcm-rgs2-sac1v,SCNS-15439,wsgc-tomcat-solrwcm not available
2023-07-26 05:21,bgb-qa1-sac1v,MEAD-41139,wsgc-tomcat-bgb not available
2023-07-28 21:52,we-intdev43-sac1,MEAD-41309,wsgc-tomcat-frontend not available
2023-08-06 04:58,bgb-qa1-sac1v,MEAD-41567,Certificate for bgb-qa1-sac1v expires in -188 days (2023-01-29)
2023-08-23 21:24,gr-intdev47-sac1,MEAD-42326,wsgc-tomcat-frontend not available
2023-08-23 21:24,rj-intdev47-sac1,MEAD-42331,wsgc-tomcat-frontend not available
2023-08-28 13:40,poloader-qa1-rk1v,MEAD-42669,wsgc-tomcat-poloader not available
2023-08-31 05:44,pk-intdev43-sac1,MEAD-42852,wsgc-tomcat-frontend not available
2023-09-06 17:31,pb-intdev37-rk1,MEAD-43127,wsgc-tomcat-frontend not available
2023-09-07 15:32,pb-intdev51-sac1,MEAD-43179,wsgc-tomcat-frontend not available
2023-09-11 01:39,ws-xcprf-rk4v,MEAD-43323,Certificate for ws-xcprf-rk4v expires in 30 days (2023-10-11)
2023-09-11 01:39,ws-xcprf-rk9v,MEAD-43324,Certificate for ws-xcprf-rk9v expires in 30 days (2023-10-11)
2023-09-17 04:25,rj-uat8-rk1v,MEAD-43710,wsgc-tomcat-frontend not available
2023-09-19 12:05,pt-uat7-rk1v,MEAD-43851,wsgc-tomcat-frontend not available
2023-09-19 13:50,rj-uat7-sac1v,MEAD-43861,wsgc-tomcat-frontend not available
2023-09-20 04:10,rj-qa99-sac1v,MEAD-43904,wsgc-tomcat-frontend not available
2023-10-04 08:24,sccint-dev-rk1v,MEAD-44939,Certificate for sccint-dev-rk1v expires in 30 days (2023-11-03)
2023-10-04 09:18,mg-wcm-qa1-rk1v,SCNS-16897,Host not found in DNS
2023-10-04 09:18,mg-wcm-qa2-rk1v,SCNS-16898,Host not found in DNS
2023-10-04 09:18,mg-wcm-qa4-rk1v,SCNS-16899,Host not found in DNS
2023-10-04 09:18,mg-wcm-qa5-rk1v,SCNS-16900,Host not found in DNS
2023-10-04 09:18,mg-wcm-qa7-sac1v,SCNS-16901,Host not found in DNS
2023-10-04 09:18,pb-wcm-qa1-rk1v,SCNS-16902,Host not found in DNS
2023-10-04 09:18,pb-wcm-qa4-rk1v,SCNS-16903,Host not found in DNS
2023-10-04 09:18,pb-wcm-qa7-sac1v,SCNS-16904,Host not found in DNS
2023-10-04 09:18,pk-wcm-qa1-rk1v,SCNS-16905,Host not found in DNS
2023-10-04 09:18,pk-wcm-qa2-rk1v,SCNS-16906,Host not found in DNS
2023-10-04 09:18,pk-wcm-qa4-rk1v,SCNS-16907,Host not found in DNS
2023-10-04 09:18,pk-wcm-qa5-rk1v,SCNS-16908,Host not found in DNS
2023-10-04 09:18,pk-wcm-qa7-sac1v,SCNS-16909,Host not found in DNS
2023-10-04 09:18,pt-wcm-qa1-rk1v,SCNS-16910,Host not found in DNS
2023-10-04 09:18,pt-wcm-qa2-rk1v,SCNS-16911,Host not found in DNS
2023-10-04 09:18,pt-wcm-qa4-rk1v,SCNS-16912,Host not found in DNS
2023-10-04 09:18,pt-wcm-qa5-rk1v,SCNS-16913,Host not found in DNS
2023-10-04 09:18,pt-wcm-qa7-sac1v,SCNS-16914,Host not found in DNS
2023-10-04 09:18,rj-wcm-qa2-sac1v,SCNS-16915,Host not found in DNS
2023-10-04 09:18,rj-wcm-qa4-sac1v,SCNS-16916,Host not found in DNS
2023-10-04 09:18,rj-wcm-rgs3-rk1v,SCNS-16917,Host not found in DNS
2023-10-04 09:18,we-wcm-qa1-rk1v,SCNS-16918,Host not found in DNS
2023-10-04 09:18,we-wcm-qa2-rk1v,SCNS-16919,Host not found in DNS
2023-10-04 09:18,we-wcm-qa4-rk1v,SCNS-16920,Host not found in DNS
2023-10-04 09:18,we-wcm-qa5-rk1v,SCNS-16921,Host not found in DNS
2023-10-04 09:18,we-wcm-qa7-sac1v,SCNS-16922,Host not found in DNS
2023-10-04 09:18,ws-wcm-qa1-rk1v,SCNS-16923,Host not found in DNS
2023-10-04 09:18,ws-wcm-qa2-rk1v,SCNS-16924,Host not found in DNS
2023-10-04 09:18,ws-wcm-qa4-rk1v,SCNS-16925,Host not found in DNS
2023-10-04 09:18,ws-wcm-qa5-rk1v,SCNS-16926,Host not found in DNS
2023-10-04 09:18,ws-wcm-qa7-sac1v,SCNS-16927,Host not found in DNS
2023-10-05 16:40,gr-qa99-sac1v,MEAD-45011,wsgc-tomcat-frontend not available
2023-10-05 16:40,mg-intdev36-rk1,MEAD-45021,wsgc-tomcat-frontend not available
2023-10-05 16:40,mg-intdev42-sac1,MEAD-45024,wsgc-tomcat-frontend not available
2023-10-05 16:40,mg-intdev55-sac1,MEAD-45031,wsgc-tomcat-frontend not available
2023-10-05 16:40,pb-intdev27-rk1,MEAD-45044,wsgc-tomcat-frontend not available
2023-10-05 16:40,pb-intdev30-rk1,MEAD-45046,wsgc-tomcat-frontend not available
2023-10-05 16:40,pb-intdev33-rk1,MEAD-45047,wsgc-tomcat-frontend not available
2023-10-05 16:40,pb-intdev36-rk1,MEAD-45049,wsgc-tomcat-frontend not available
2023-10-05 16:40,pb-intdev42-sac1,MEAD-45051,wsgc-tomcat-frontend not available
2023-10-05 16:40,pb-intdev49-sac1,MEAD-45054,wsgc-tomcat-frontend not available
2023-10-05 16:40,pb-intdev4-rk1,MEAD-45055,wsgc-tomcat-frontend not available
2023-10-05 16:40,pb-intdev55-sac1,MEAD-45057,wsgc-tomcat-frontend not available
2023-10-05 16:40,pb-intdev5-rk1,MEAD-45059,wsgc-tomcat-frontend not available
2023-10-05 16:40,pb-intdev6-rk1,MEAD-45060,wsgc-tomcat-frontend not available
2023-10-05 16:40,pb-qa15-rk1v,MEAD-45062,wsgc-tomcat-frontend not available
2023-10-05 16:40,pk-cauat1-rk1v,MEAD-45063,wsgc-tomcat-frontend not available
2023-10-05 16:40,pk-cauat6-rk1v,MEAD-45064,wsgc-tomcat-frontend not available
2023-10-05 16:40,pk-intdev14-rk1,MEAD-45065,wsgc-tomcat-frontend not available
2023-10-05 16:40,pt-intdev54-rk1v,MEAD-45068,wsgc-tomcat-frontend not available
2023-10-05 16:40,we-uat8-rk1v,MEAD-45072,wsgc-tomcat-frontend not available
2023-10-05 23:43,mg-intdev33-rk1,MEAD-45096,wsgc-tomcat-frontend not available
2023-10-05 23:43,pb-intdev34-rk1,MEAD-45108,wsgc-tomcat-frontend not available
2023-10-05 23:43,pk-intdev33-rk1,,wsgc-tomcat-frontend not available
2023-10-05 23:43,ws-intdev49-sac1,MEAD-45146,wsgc-tomcat-frontend not available
2023-10-07 10:24,pb-intdev40-sac1,MEAD-45243,wsgc-tomcat-frontend not available
2023-10-08 22:39,loyalty-uat1-rk1v,MEAD-45274,wsgc-tomcat-loyalty-batch not available
2023-10-08 22:39,pb-intdev17-rk1,MEAD-45275,wsgc-tomcat-frontend not available
2023-10-08 22:39,pb-rgs2-rk1v,MEAD-45276,wsgc-tomcat-frontend not available
2023-10-08 22:39,pb-uat8-rk1v,MEAD-45277,wsgc-tomcat-frontend not available
2023-10-08 22:39,pk-intdev27-rk1,MEAD-45278,wsgc-tomcat-frontend not available
